GO.ID	Term	Annotated	Significant	Expected	Fisher Test	Significant Genes
GO:0008092	cytoskeletal protein binding	985	248	130.35	2.1e-25	10083:10300:10391:10398:10458:10580:10611:1063:10755:10783:10841:10890:11043:11076:11122:11127:11170:114791:114793:115827:119:1191:127294:129446:134957:135138:137735:147700:1495:157922:158135:158297:161514:171024:1739:1759:1773:1809:2009:2035:2036:2037:2059:221458:221692:22837:22853:22883:22906:22920:22924:22989:22998:23012:23022:23026:23046:23122:2317:23242:23271:23281:23287:23291:23332:23345:23363:23499:25:2534:25809:25924:26052:26128:26146:2620:2622:26249:26574:27:282973:283446:283726:284076:287:288:29119:2932:29767:29780:3064:3092:324:341019:342184:342527:347240:357:3636:3767:3778:3781:3796:3797:387755:399687:4137:4336:4621:4629:4638:4642:4643:4653:4703:4771:4926:4976:4983:5071:50853:51199:5142:51458:51473:51474:51512:5217:54221:54434:54462:547:54820:54822:54828:54869:5520:55243:55259:55435:55582:55607:5581:55930:56203:5641:56776:56890:56896:57111:57159:57180:5747:57509:57519:57553:57591:57619:57644:57669:57731:5798:58497:5864:5873:59341:6005:60312:636:63876:64097:64147:644150:64601:64837:6530:6532:653857:6546:6645:667:6710:6711:6786:6840:6904:7111:7135:7273:729440:7399:7402:7414:7461:7739:776:783:79739:79784:79884:800:80173:80817:81:81624:817:824:832:83473:83660:83715:84295:84446:84448:84501:84665:8470:84700:84871:84978:8522:85378:85458:85464:85477:8572:87:8735:8736:88:8842:8976:89795:9033:9043:91010:9172:9260:9448:9501:9639:9645:9654:9696:9787:9788:9832:999
GO:0043168	anion binding	2844	535	376.35	3.1e-20	10000:10020:10026:100271927:100506084:10056:10079:10121:10131:1018:1021:10257:10314:10396:10400:10420:10457:10497:10536:10588:1071:10746:10767:10783:108:10841:10856:10873:10890:109:10973:11069:111:11127:11188:11199:11332:113675:114783:114876:114879:114884:115:115827:116443:116835:116987:116988:1183:123745:1258:1261:127602:128869:1289:1301:1305:131034:132:136332:1373:139728:1404:140803:143162:1432:144132:1455:1456:1457:145864:146754:148229:149998:150684:151011:151835:152110:153090:154664:158135:159:1606:1612:1615:163486:1636:164045:1644:1662:1663:166378:166614:169166:1727:174:1759:1769:1770:1807:1809:1842:1917:196385:200894:2035:205:2051:2066:2108:2200:2203:220869:221264:221458:221472:222537:2246:225689:2260:22808:22848:22853:22933:22989:23012:23025:23026:23043:23046:23057:23078:23120:23205:2321:23236:23245:23263:23304:23305:23395:23396:23457:23760:238:24:2444:2494:25:2534:257218:257364:25809:25865:25902:25923:2596:25981:25989:26038:26052:26207:2643:26509:26580:26750:26973:27:27010:2710:27127:27236:27244:2731:27347:2741:2742:2762:2776:2794:283446:283455:284076:284434:285180:285220:285590:2868:2869:28966:28996:2904:2909:2932:2963:29789:2984:29922:29924:29984:3033:3053:307:3092:31:3141:340156:340273:3416:343450:343637:347240:3480:349565:351:36:3643:368:3707:3708:3709:374868:375449:3767:3784:3796:3797:3845:388228:389434:389840:3918:3934:3978:399:399687:401548:4117:4137:4145:4199:4217:4233:4240:4257:441250:445571:4534:462:4621:4629:4638:4642:4643:4745:4750:4763:479:4919:492:4920:4926:4976:4983:5000:5024:5025:5026:50488:5058:5066:50853:5091:50940:51062:51084:51144:51174:51199:51265:5130:51347:5138:51380:5142:5144:5159:51652:51700:51735:51760:51761:5208:5211:5217:5218:5228:5243:5270:5287:5288:5297:5305:5321:5334:5337:5378:538:540:5414:54622:547:54795:54822:54926:54986:55062:55102:55214:55289:55328:55349:55500:5553:55567:55582:55686:55733:55750:55760:55763:5577:5578:55781:55784:5579:5581:5583:5585:55871:5590:55915:5592:55930:5613:56164:56288:57111:57118:57143:57172:57176:57180:57194:57198:57205:57231:5747:57476:575:57502:57519:57538:5754:57553:57644:57664:57699:57706:57731:57799:5825:58488:58528:5864:5871:5873:5889:5890:5922:59338:59341:59352:60678:6098:613:6198:6259:6261:6262:640:6403:64093:64135:64147:644019:64411:6447:64757:64792:64895:64901:65078:652968:653857:658:6584:6586:6711:673:6733:6788:6809:6840:6860:7006:701:7148:7153:7155:7204:7273:7326:7327:7407:7421:7520:7881:79109:79132:79363:79400:7941:79572:79611:79631:79674:79677:79701:79705:79739:79772:79781:79784:79856:8001:80115:80122:80146:80201:80205:80216:80724:81616:817:8224:8277:8317:83473:83694:83850:83851:8395:83998:8411:84181:84239:84249:84254:8428:84284:84320:84446:846:84700:84725:84870:8491:85377:85477:8605:8607:8621:8732:8735:874:8798:88:8829:883:8840:8844:8904:8942:8974:89792:89795:89797:89978:9031:9037:9060:9064:91404:91452:9162:9201:92017:9213:9252:9261:9289:9319:9353:9372:9400:94120:94121:9448:947:9508:9557:9567:9619:9630:9644:9645:9654:9685:9758:9765:9873:989:990:9971
GO:0003779	actin binding	441	123	58.36	1.3e-16	10083:10391:10580:10611:10755:11170:114793:119:127294:129446:135138:137735:1495:161514:171024:1773:2035:2036:2037:2059:221692:22837:22989:22998:23012:23022:23026:2317:23242:23345:23499:25:25924:2620:26249:27:283446:29119:29767:29780:3092:342184:357:3636:3778:399687:4137:4336:4621:4629:4638:4642:4643:4703:4771:4983:5071:50853:51474:5217:54221:54434:54822:54869:55607:5581:55930:56203:56776:57180:5747:57553:57591:57619:57644:57731:59341:60312:63876:644150:64601:6530:6532:653857:6645:667:6710:6711:6840:7111:7135:7273:7402:7414:7739:783:79784:800:81:81624:832:83660:83715:84448:84501:84665:84700:8522:85458:85464:85477:8572:87:8735:8736:88:8976:91010:9172:9260:9645:9696:9788
GO:0043167	ion binding	6293	1010	832.76	5.5e-16	10000:10010:100131539:1002:10020:10026:100271927:100293516:1004:100506084:10056:10079:1008:1012:10121:10131:10150:1018:1021:10257:10299:10314:10336:10396:10398:104:10400:10404:10417:10420:10451:10457:10497:105:10518:10536:10588:10611:1071:10746:10767:10783:108:10841:10856:10873:10890:109:10905:10926:10973:11043:110599583:11069:11076:11083:11097:111:11127:11131:11163:11188:11199:11214:11226:11227:11238:1124:11278:11282:11283:11285:1131:11315:11320:11332:11342:113675:1143:114783:114789:114804:114876:114879:114884:115:115209:115827:116113:116225:116443:116835:116983:116987:116988:117854:1183:118429:1188:118987:121278:123745:1258:1261:126208:127602:127665:1278:128553:128869:1289:129563:1301:1302:1305:130507:131034:132:135152:136332:1368:1369:1373:137902:139728:1404:140685:140691:140766:140803:142683:143162:1432:144132:1455:1456:1457:145864:146754:147372:148229:149076:149998:150684:150962:151011:151651:151742:151835:152002:152110:152273:153090:153769:154664:155185:158135:158326:158471:1586:159:1606:1612:1615:161882:163486:1636:164045:1644:1662:1663:166378:166614:169166:169355:169792:170591:171019:171425:1727:174:1759:1761:1769:1770:1788:1791:1807:1809:1838:1842:1917:1952:1953:196385:196528:1990:200894:2009:201501:201595:2027:2028:2035:205:2051:2066:2103:2108:2131:2137:2157:2158:2184:2195:219621:219654:2200:2203:220869:220972:221264:221294:221458:221472:221895:222194:222256:222537:2230:2235:2246:225689:2260:22795:22808:22834:22848:22853:22882:22883:22915:22933:22989:22998:22999:23012:23024:23025:23026:23030:23035:23040:23043:23046:23057:23077:23078:23081:23090:23120:23140:23144:23205:2321:23220:23236:23245:23263:23287:23295:23300:23304:23305:23321:23370:23395:23396:23413:23414:23418:23457:23467:23499:23549:23608:23624:23670:23760:238:239:2395:24:2444:2494:25:2534:253738:254552:257101:257218:257364:25809:25862:25865:2588:25885:2590:25902:25923:25924:25953:2596:25981:25988:25989:25992:26013:26025:26035:26038:26052:26136:26137:26207:2632:2643:2649:26509:26580:26747:26750:26973:27:27010:27086:2710:27115:27127:27136:27236:27244:27299:27306:2731:27347:2737:2741:2742:27434:2762:2766:2776:2794:28316:283446:283455:284076:284106:284131:284346:284434:285180:285220:285440:285498:285590:285971:286053:286151:2863:2868:2869:28964:28966:28996:2904:29066:2909:2932:2959:2963:29789:29799:2984:29922:29924:29951:29984:3033:3053:307:30819:30820:3092:3096:3097:31:3141:3268:331:340156:340273:340385:341277:3416:342945:342977:343450:343637:346007:347240:347344:3480:349565:351:36:3607:3643:367:3675:368:3695:3704:3707:3708:3709:374786:374868:375449:3767:3778:3784:3796:3797:3845:388228:388743:389434:389840:390928:391059:3918:3934:3949:3978:399:399687:401548:4026:4036:4038:4052:4086:4091:4117:4137:4145:4199:4217:4233:4240:4257:4285:4297:4312:4326:441250:442117:444:445571:4520:4534:4548:462:4621:4629:463:4638:4642:4643:4653:4661:473:4745:4750:4763:479:4862:4919:492:4920:4926:4976:4983:49855:5000:5024:5025:5026:50488:5053:5058:5066:5071:5073:50853:5091:50940:5098:51062:51084:51144:51162:51167:51174:51196:51199:51230:51257:51265:51281:51292:5130:51347:5138:51380:5139:5140:5142:5144:51474:5150:5159:51652:5169:51700:51702:51735:51760:51761:51809:5208:5211:5217:5218:5228:5243:5251:5270:5287:5288:5297:5305:5321:5325:5332:53335:5334:53353:5337:53630:5371:5378:538:540:5414:54550:54622:547:5471:54795:54822:54825:54897:54926:54928:54941:54986:55062:55102:55107:55118:55124:55214:55240:55289:5530:55316:55328:55331:55345:55349:55500:55503:5553:55567:55568:55582:55596:55628:55680:55686:55702:55703:55733:55750:55760:55763:5577:5578:55781:55784:5579:55790:55799:5581:5583:5585:55856:55871:5590:55915:5592:55930:55959:56097:56098:56099:56100:56101:56102:56103:56104:56105:56106:56107:56108:56109:56110:56111:56112:56113:56114:5613:56164:5618:5624:56288:56888:56934:56950:56953:56980:57088:57094:57111:57118:57143:57159:57172:57176:57178:57180:57190:57194:57198:57205:57231:57451:57459:5747:57476:575:57502:57519:57538:5754:57553:57644:57664:57687:57699:57706:57731:57799:57820:5825:58488:58497:58513:58528:5864:5871:5873:5889:5890:5915:5922:59269:59335:59338:59341:59352:60496:60678:60682:60685:6096:6098:6117:613:619279:6198:6259:6261:6262:6263:6390:63917:63929:63951:63977:640:6403:64062:64072:64077:64093:64131:64135:64147:64172:64180:64283:643596:64375:644019:64411:6442:64420:6447:64754:64757:64792:64795:64895:64901:64919:65078:652968:6530:6532:653857:6546:658:6584:6586:6623:6650:667:6671:6711:673:6733:6769:6786:6788:6809:6840:6860:6917:6919:6935:7006:701:7047:7068:7092:7093:7135:7148:7153:7155:7161:7163:7188:7204:7273:7326:7327:7402:7403:7407:7410:7421:7468:747:7520:763:767:7703:7704:773:7739:776:779:7799:781:7881:79033:79068:79109:79132:79149:79152:79363:794:79400:7941:79572:79611:79631:79674:79677:79695:79701:79705:79723:79739:79772:79781:79784:79817:79856:79871:79901:8001:80070:80115:80122:80128:8013:80144:80146:80201:80205:80216:8028:8029:80332:80333:80724:80781:81:81616:817:81792:81794:81844:8224:824:8277:8288:8317:83394:83473:83694:83850:83851:83860:8395:83998:84059:84108:8411:84133:84146:84171:84181:84239:84249:84254:84256:8428:84284:84295:84320:844:84446:84448:845:846:84627:84662:84678:84700:84708:84725:84735:84816:84870:84871:8491:8493:84954:85015:8515:8516:85301:8532:85377:8544:85463:85477:8572:8605:8607:8621:8641:87:8728:8732:8735:874:8751:8798:88:8829:883:8840:8844:8887:8904:8908:89122:8942:8974:89766:89792:89795:89797:8994:89978:90141:9031:9033:9037:90459:9060:9064:90987:9099:91404:91452:9152:9162:91752:91801:9201:92017:9213:9215:92211:9252:9254:9260:9261:92737:9289:92979:9319:9353:9369:9372:9378:9400:94120:94121:9448:947:9501:9508:9520:9557:9567:9586:9619:9630:9644:9645:9647:9654:9685:9699:9708:9718:9727:9734:9755:9758:9765:9781:9871:9873:9880:989:990:9971:999
GO:0005543	phospholipid binding	456	115	60.34	2.4e-12	10026:100271927:10400:10497:1071:11188:11199:114876:114879:114884:116987:123745:128869:131034:1373:143162:150684:151835:153090:1606:163486:169166:2035:221472:23025:23236:23263:23760:2494:257364:2596:26207:26509:26580:26750:27236:285180:285590:2869:28966:2909:29924:307:3092:3708:3709:3784:401548:4137:4240:4534:4643:4763:4926:4976:4983:50853:5130:51652:51735:51760:5217:5287:5288:5321:5337:55062:55102:55686:55763:55784:55915:56288:57231:57476:575:57664:57699:57706:57731:58488:5922:59338:64411:6711:6840:6860:7006:79109:7941:79674:79772:79856:80115:83850:83851:8411:84249:84725:85377:85477:8605:88:8904:91404:92017:9372:94120:94121:9619:9644:9685:9758:9765:9873
GO:0032559	adenyl ribonucleotide binding	1537	295	203.39	4.3e-12	10000:10020:10056:10079:10121:10131:1018:1021:10257:10396:10420:10588:10746:10783:108:10856:109:10973:11069:111:11127:11332:114783:115:116835:1183:1258:127602:132:136332:1373:139728:140803:1432:144132:1455:1456:1457:146754:148229:152110:154664:158135:1606:1612:1615:164045:1662:1663:166378:166614:1727:1769:1770:196385:205:2051:2066:2203:220869:221264:221458:222537:225689:2260:22848:22853:22989:23012:23026:23043:23046:23057:23078:23120:23205:2321:23305:23395:23396:23457:238:24:2444:25:2534:257218:25809:25865:25902:25981:25989:26038:26750:26973:27:27010:2710:27127:27347:283446:283455:284076:284434:285220:2868:2869:28996:2932:2963:29789:2984:29922:31:3141:340156:340273:3416:343450:347240:3480:349565:3643:368:3707:374868:375449:3767:3796:3797:388228:389840:3978:399687:4117:4145:4199:4217:4233:445571:4621:4629:4638:4642:4643:4750:479:4919:492:4920:5000:5024:5025:5026:50488:5058:5091:51265:51347:5138:5142:5144:5159:51761:5208:5211:5218:5243:5287:5288:5297:5305:5378:538:540:547:54795:54822:54926:54986:55500:55567:55582:55750:55760:5577:5578:55781:5579:5581:5583:5585:55871:5590:55915:5592:55930:5613:56164:57118:57143:57172:57176:57180:57194:57198:57205:5747:57519:57538:5754:57644:5825:5871:5889:5890:59341:6098:613:6198:6259:6261:640:64135:64147:644019:64895:653857:658:6584:673:6733:6788:7006:701:7153:7155:7204:7273:7326:7327:7407:7520:79132:79572:79611:79677:79705:79739:79781:79784:80122:80201:80205:80216:81616:817:8224:8317:83473:83694:8395:84181:84239:84254:8428:84284:84320:84446:84700:8491:8607:8621:8735:8798:8844:89792:89795:89797:89978:9031:9060:9064:91452:9162:9201:9252:9261:9319:9400:9448:9557:9619:9654:990
GO:0030554	adenyl nucleotide binding	1550	295	205.11	1.2e-11	10000:10020:10056:10079:10121:10131:1018:1021:10257:10396:10420:10588:10746:10783:108:10856:109:10973:11069:111:11127:11332:114783:115:116835:1183:1258:127602:132:136332:1373:139728:140803:1432:144132:1455:1456:1457:146754:148229:152110:154664:158135:1606:1612:1615:164045:1662:1663:166378:166614:1727:1769:1770:196385:205:2051:2066:2203:220869:221264:221458:222537:225689:2260:22848:22853:22989:23012:23026:23043:23046:23057:23078:23120:23205:2321:23305:23395:23396:23457:238:24:2444:25:2534:257218:25809:25865:25902:25981:25989:26038:26750:26973:27:27010:2710:27127:27347:283446:283455:284076:284434:285220:2868:2869:28996:2932:2963:29789:2984:29922:31:3141:340156:340273:3416:343450:347240:3480:349565:3643:368:3707:374868:375449:3767:3796:3797:388228:389840:3978:399687:4117:4145:4199:4217:4233:445571:4621:4629:4638:4642:4643:4750:479:4919:492:4920:5000:5024:5025:5026:50488:5058:5091:51265:51347:5138:5142:5144:5159:51761:5208:5211:5218:5243:5287:5288:5297:5305:5378:538:540:547:54795:54822:54926:54986:55500:55567:55582:55750:55760:5577:5578:55781:5579:5581:5583:5585:55871:5590:55915:5592:55930:5613:56164:57118:57143:57172:57176:57180:57194:57198:57205:5747:57519:57538:5754:57644:5825:5871:5889:5890:59341:6098:613:6198:6259:6261:640:64135:64147:644019:64895:653857:658:6584:673:6733:6788:7006:701:7153:7155:7204:7273:7326:7327:7407:7520:79132:79572:79611:79677:79705:79739:79781:79784:80122:80201:80205:80216:81616:817:8224:8317:83473:83694:8395:84181:84239:84254:8428:84284:84320:84446:84700:8491:8607:8621:8735:8798:8844:89792:89795:89797:89978:9031:9060:9064:91452:9162:9201:9252:9261:9319:9400:9448:9557:9619:9654:990
GO:0030695	GTPase regulator activity	308	85	40.76	1.3e-11	100271927:101060376:10144:10451:10641:10681:11138:1124:115704:116983:116987:116988:125058:134957:143872:153090:161514:1793:1794:22999:23094:23102:23108:23216:23232:23236:23380:23779:26230:27352:2776:28964:29:2909:29899:3268:395:399:414060:4763:4983:55160:55357:55633:55789:55843:57186:57533:57584:57636:58504:5900:5922:5998:5999:60682:613:64411:64786:6654:6904:729873:729877:79658:80243:8131:83478:8490:84986:8787:8829:8976:9353:93663:94134:9459:9462:9628:9712:9732:9779:9882:9901:9905:9910
GO:0005096	GTPase activator activity	279	79	36.92	1.7e-11	100271927:101060376:10144:10451:10641:10681:11138:1124:115704:116983:116987:116988:125058:134957:143872:153090:161514:1793:1794:23094:23102:23108:23216:23232:23236:23380:23779:26230:27352:2776:28964:29:2909:3268:395:414060:4763:4983:55160:55357:55633:55789:55843:57186:57533:57584:57636:58504:5922:5998:5999:60682:613:64411:64786:6654:6904:729873:729877:79658:80243:8131:83478:8490:84986:8787:8829:93663:94134:9459:9462:9628:9712:9732:9779:9882:9901:9905:9910
GO:0005524	ATP binding	1476	281	195.32	3.8e-11	10000:10020:10056:10079:10121:10131:1018:1021:10257:10396:10420:10588:10746:10783:108:10856:109:10973:111:11127:114783:115:116835:1183:127602:132:136332:1373:139728:140803:1432:144132:1455:1456:1457:146754:148229:152110:154664:158135:1606:1612:1615:164045:1662:1663:166378:166614:1769:1770:196385:205:2051:2066:220869:221264:221458:225689:2260:22848:22853:22989:23012:23026:23043:23046:23057:23078:23120:23205:2321:23305:23395:23396:23457:238:24:2444:25:2534:257218:25809:25865:25902:25981:25989:26038:26750:26973:27:27010:2710:27127:27347:283446:283455:284076:284434:285220:2868:2869:28996:2932:2963:29789:2984:29922:31:3141:340156:340273:3416:343450:347240:3480:349565:3643:368:3707:374868:375449:3767:3796:3797:388228:389840:3978:399687:4117:4145:4217:4233:445571:4621:4629:4638:4642:4643:4750:479:4919:492:4920:5000:5024:5025:5026:50488:5058:5091:51265:51347:5159:51761:5208:5211:5218:5243:5287:5288:5297:5305:5378:538:540:547:54795:54822:54926:54986:55500:55567:55582:55750:55760:5578:55781:5579:5581:5583:5585:55871:5590:55915:5592:55930:5613:56164:57118:57143:57172:57176:57180:57194:57198:57205:5747:57519:57538:5754:57644:5825:5871:5889:5890:59341:6098:613:6198:6259:6261:640:64135:64147:644019:64895:653857:658:6584:673:6733:6788:7006:701:7153:7155:7204:7273:7326:7327:7407:7520:79132:79572:79611:79677:79705:79739:79781:79784:80122:80201:80205:80216:81616:817:8224:8317:83473:83694:8395:84181:84239:84254:8428:84284:84446:84700:8491:8607:8621:8735:8798:8844:89795:89797:89978:9031:9060:9064:9162:9201:9252:9261:9319:9400:9448:9557:9619:9654:990
GO:0060589	nucleoside-triphosphatase regulator acti...	353	91	46.71	1.4e-10	100271927:10049:101060376:10144:10300:10451:10641:10681:11138:1124:115704:116983:116987:116988:125058:134957:143872:153090:161514:1793:1794:22999:23094:23102:23108:23216:23232:23236:23380:23779:26230:27352:2776:28964:29:2909:29103:29899:3268:395:399:414060:4763:4983:55160:55357:55633:55789:55843:57186:57533:57584:57636:58504:5864:5900:5922:5998:5999:60682:613:64215:64411:64786:6654:6904:7248:729873:729877:79658:80243:8131:83478:8490:84986:8787:8829:8976:9353:93663:94134:9459:9462:9628:9712:9732:9779:9882:9901:9905:9910
GO:0008144	drug binding	1710	314	226.29	1.8e-10	10000:10020:10056:10079:10121:10131:1018:1021:10257:10283:10396:10420:10588:10746:10783:108:10841:10856:109:10973:111:11127:1118:1131:11315:113675:1143:114783:115:116443:116835:1183:127602:132:136332:1373:139728:140803:1432:144132:1455:1456:1457:146754:148229:152110:154664:158135:1586:1606:1612:1615:164045:1644:1662:1663:166378:166614:1727:1769:1770:1807:196385:205:2051:2066:2203:220869:221264:221458:225689:2260:22848:22853:22989:23012:23026:23043:23046:23057:23078:23120:23205:2321:23305:23395:23396:23457:238:24:2444:25:2534:257218:25809:25865:25902:25981:25989:26038:26750:26973:27:27010:2710:27127:2731:27347:2741:2742:283446:283455:284076:284434:285220:2868:2869:28996:2904:2932:2963:29789:2984:29922:31:3141:3276:340156:340273:3416:343450:347240:3480:349565:3643:368:3707:374868:375449:3767:3796:3797:388228:389840:3978:399687:4117:4145:4217:4233:445571:4548:4621:4629:4638:4642:4643:4750:479:4919:492:4920:5000:5024:5025:5026:50488:5058:5091:51265:51347:51380:5159:51761:5208:5211:5218:5243:5287:5288:5297:5305:5378:538:540:547:54795:54822:54926:54986:5530:55500:55567:55582:55750:55760:5578:55781:5579:5581:5583:5585:55871:5590:55915:5592:55930:5613:56164:57118:57143:57172:57176:57180:57194:57198:57205:5747:57519:57538:5754:57644:5825:5871:5889:5890:5915:59341:6098:613:6198:6259:6261:6262:640:64135:64147:644019:64757:64895:6532:653857:658:6584:673:6733:6788:7006:701:7153:7155:7204:7273:7326:7327:7407:7421:7520:79132:79572:79611:79677:79705:79723:79739:79747:79781:79784:8001:80122:80201:80205:80216:8029:81616:817:8224:8317:83473:83694:8395:84181:84239:84254:8428:84284:84446:84700:8491:8607:8621:8735:8798:883:8844:8942:89795:89797:89978:9031:9060:9064:9162:9201:9213:9252:9261:9319:9400:9448:9557:9619:9654:990
GO:0032555	purine ribonucleotide binding	1885	340	249.44	2.5e-10	10000:10020:100506084:10056:10079:10121:10131:1018:1021:10257:10396:10420:10588:10746:10767:10783:108:10856:10890:109:10973:11069:111:11127:11332:114783:115:115827:116835:116987:116988:1183:1258:1261:127602:132:136332:1373:139728:140803:1432:144132:1455:1456:1457:146754:148229:151011:152110:154664:158135:159:1606:1612:1615:164045:1662:1663:166378:166614:1727:1759:1769:1770:1917:196385:200894:205:2051:2066:2203:220869:221264:221458:222537:225689:2260:22808:22848:22853:22989:23012:23026:23043:23046:23057:23078:23120:23205:2321:23305:23395:23396:23457:238:24:2444:25:2534:257218:25809:25865:25902:25923:25981:25989:26038:26052:2643:26750:26973:27:27010:2710:27127:27347:2776:2794:283446:283455:284076:284434:285220:2868:2869:28996:2909:2932:2963:29789:2984:29922:29984:31:3141:340156:340273:3416:343450:347240:3480:349565:3643:368:3707:374868:375449:3767:3796:3797:3845:388228:389840:3978:399:399687:4117:4145:4199:4217:4233:445571:4621:4629:4638:4642:4643:4750:479:4919:492:4920:4976:5000:5024:5025:5026:50488:5058:5091:50940:51062:51174:51199:51265:51347:5138:5142:5144:5159:51761:5208:5211:5218:5243:5287:5288:5297:5305:5378:538:540:5414:54622:547:54795:54822:54926:54986:55500:55567:55582:55733:55750:55760:5577:5578:55781:5579:5581:5583:5585:55871:5590:55915:5592:55930:5613:56164:57111:57118:57143:57172:57176:57180:57194:57198:57205:5747:57519:57538:5754:57644:57799:5825:58528:5864:5871:5873:5889:5890:59341:60678:6098:613:6198:6259:6261:640:64135:64147:644019:6447:64792:64895:64901:653857:658:6584:673:6733:6788:7006:701:7153:7155:7204:7273:7326:7327:7407:7520:79132:79363:79572:79611:79631:79677:79705:79739:79781:79784:80122:80201:80205:80216:81616:817:8224:8317:83473:83694:8395:84181:84239:84254:8428:84284:84320:84446:84700:8491:8607:8621:8732:8735:8798:8844:89792:89795:89797:89978:9031:9060:9064:91452:9162:9201:9252:9261:9319:9400:9448:9557:9567:9619:9630:9654:989:990
GO:0032553	ribonucleotide binding	1901	342	251.56	3.0e-10	10000:10020:100506084:10056:10079:10121:10131:1018:1021:10257:10396:10420:10588:10746:10767:10783:108:10856:10890:109:10973:11069:111:11127:11332:114783:115:115827:116835:116987:116988:1183:1258:1261:127602:132:136332:1373:139728:140803:1432:144132:1455:1456:1457:146754:148229:151011:152110:154664:158135:159:1606:1612:1615:164045:1662:1663:166378:166614:1727:1759:1769:1770:1917:196385:200894:205:2051:2066:2203:220869:221264:221458:222537:225689:2260:22808:22848:22853:22989:23012:23026:23043:23046:23057:23078:23120:23205:2321:23305:23395:23396:23457:238:24:2444:25:2534:257218:25809:25865:25902:25923:25981:25989:26038:26052:2643:26750:26973:27:27010:2710:27127:27347:2776:2794:283446:283455:284076:284434:285220:2868:2869:28996:2909:2932:2963:29789:2984:29922:29984:31:3141:340156:340273:3416:343450:347240:3480:349565:3643:368:3707:374868:375449:3767:3796:3797:3845:388228:389434:389840:3978:399:399687:4117:4145:4199:4217:4233:441250:445571:4621:4629:4638:4642:4643:4750:479:4919:492:4920:4976:5000:5024:5025:5026:50488:5058:5091:50940:51062:51174:51199:51265:51347:5138:5142:5144:5159:51761:5208:5211:5218:5243:5287:5288:5297:5305:5378:538:540:5414:54622:547:54795:54822:54926:54986:55500:55567:55582:55733:55750:55760:5577:5578:55781:5579:5581:5583:5585:55871:5590:55915:5592:55930:5613:56164:57111:57118:57143:57172:57176:57180:57194:57198:57205:5747:57519:57538:5754:57644:57799:5825:58528:5864:5871:5873:5889:5890:59341:60678:6098:613:6198:6259:6261:640:64135:64147:644019:6447:64792:64895:64901:653857:658:6584:673:6733:6788:7006:701:7153:7155:7204:7273:7326:7327:7407:7520:79132:79363:79572:79611:79631:79677:79705:79739:79781:79784:80122:80201:80205:80216:81616:817:8224:8317:83473:83694:8395:84181:84239:84254:8428:84284:84320:84446:84700:8491:8607:8621:8732:8735:8798:8844:89792:89795:89797:89978:9031:9060:9064:91452:9162:9201:9252:9261:9319:9400:9448:9557:9567:9619:9630:9654:989:990
GO:0097367	carbohydrate derivative binding	2243	393	296.82	3.8e-10	10000:10020:10026:100506084:10056:10079:10121:10131:1018:1021:10257:10396:10420:10457:10588:10746:10767:10783:108:10856:10890:109:10973:11069:111:11127:1118:11332:114783:115:115827:116835:116987:116988:1183:1258:1261:127602:128869:1289:1301:1305:132:136332:1373:139728:1404:140803:1432:144132:1455:1456:1457:145864:146754:148229:149998:151011:152110:154664:158135:159:1606:1612:1615:164045:1662:1663:166378:166614:1727:1759:1769:1770:1809:1842:1917:196385:200894:205:2051:2066:2200:2203:220869:221264:221458:222537:2246:225689:2260:22808:22848:22853:22989:23012:23026:23043:23046:23057:23078:23120:23205:2321:23305:23395:23396:23457:238:24:2444:25:2534:257218:25809:25865:25902:25923:2596:25981:25989:26038:26052:2643:2673:26750:26973:27:27010:2710:27127:27347:2776:2794:283446:283455:284076:284434:285220:2868:2869:28996:2909:2932:2963:29789:2984:29922:29984:3053:31:3141:340156:340273:3416:343450:343637:347240:3480:349565:351:3643:368:3707:374868:375449:3767:3796:3797:3845:388228:389434:389840:3918:3929:3978:399:399687:4117:4145:4199:4217:4233:441250:445571:462:4621:4629:4638:4642:4643:4745:4750:479:4919:492:4920:4976:5000:5024:5025:5026:50488:50512:5058:5091:50940:51062:51144:51174:51199:51265:51347:5138:5142:5144:5159:51761:5208:5211:5212:5218:5228:5243:5270:5287:5288:5297:5305:5378:538:540:5414:54622:547:54795:54822:54926:54986:55500:5553:55567:55582:55703:55733:55750:55760:5577:5578:55781:5579:5581:5583:5585:55871:5590:55915:5592:55930:55959:5613:56164:57111:57118:57143:57172:57176:57180:57194:57198:57205:5747:575:57519:57538:5754:57644:57799:5825:58528:5864:5871:5873:5889:5890:59341:59352:60678:6098:613:6198:6259:6261:633:640:6403:64093:64135:64147:644019:6447:64792:64895:64901:65078:653857:658:6584:6586:671:673:6733:6788:7006:701:7148:7153:7155:7204:7273:7326:7327:7407:7520:7873:79132:79363:79572:79611:79631:79677:79705:79739:79781:79784:80122:80201:80205:80216:81:81616:817:8224:8317:83473:83694:8395:83998:84181:84239:84254:8428:84284:84320:84446:84700:84725:84870:8491:8607:8621:8732:8735:8798:8829:8840:8844:89792:89795:89797:89978:9031:9037:9060:9064:91452:9162:9201:9252:9261:9289:9319:9353:9400:9448:9508:9557:9567:9619:9630:9654:989:990
GO:0017076	purine nucleotide binding	1900	340	251.43	6.6e-10	10000:10020:100506084:10056:10079:10121:10131:1018:1021:10257:10396:10420:10588:10746:10767:10783:108:10856:10890:109:10973:11069:111:11127:11332:114783:115:115827:116835:116987:116988:1183:1258:1261:127602:132:136332:1373:139728:140803:1432:144132:1455:1456:1457:146754:148229:151011:152110:154664:158135:159:1606:1612:1615:164045:1662:1663:166378:166614:1727:1759:1769:1770:1917:196385:200894:205:2051:2066:2203:220869:221264:221458:222537:225689:2260:22808:22848:22853:22989:23012:23026:23043:23046:23057:23078:23120:23205:2321:23305:23395:23396:23457:238:24:2444:25:2534:257218:25809:25865:25902:25923:25981:25989:26038:26052:2643:26750:26973:27:27010:2710:27127:27347:2776:2794:283446:283455:284076:284434:285220:2868:2869:28996:2909:2932:2963:29789:2984:29922:29984:31:3141:340156:340273:3416:343450:347240:3480:349565:3643:368:3707:374868:375449:3767:3796:3797:3845:388228:389840:3978:399:399687:4117:4145:4199:4217:4233:445571:4621:4629:4638:4642:4643:4750:479:4919:492:4920:4976:5000:5024:5025:5026:50488:5058:5091:50940:51062:51174:51199:51265:51347:5138:5142:5144:5159:51761:5208:5211:5218:5243:5287:5288:5297:5305:5378:538:540:5414:54622:547:54795:54822:54926:54986:55500:55567:55582:55733:55750:55760:5577:5578:55781:5579:5581:5583:5585:55871:5590:55915:5592:55930:5613:56164:57111:57118:57143:57172:57176:57180:57194:57198:57205:5747:57519:57538:5754:57644:57799:5825:58528:5864:5871:5873:5889:5890:59341:60678:6098:613:6198:6259:6261:640:64135:64147:644019:6447:64792:64895:64901:653857:658:6584:673:6733:6788:7006:701:7153:7155:7204:7273:7326:7327:7407:7520:79132:79363:79572:79611:79631:79677:79705:79739:79781:79784:80122:80201:80205:80216:81616:817:8224:8317:83473:83694:8395:84181:84239:84254:8428:84284:84320:84446:84700:8491:8607:8621:8732:8735:8798:8844:89792:89795:89797:89978:9031:9060:9064:91452:9162:9201:9252:9261:9319:9400:9448:9557:9567:9619:9630:9654:989:990
GO:0035639	purine ribonucleoside triphosphate bindi...	1817	324	240.44	2.7e-09	10000:10020:100506084:10056:10079:10121:10131:1018:1021:10257:10396:10420:10588:10746:10767:10783:108:10856:10890:109:10973:111:11127:114783:115:115827:116835:116987:116988:1183:127602:132:136332:1373:139728:140803:1432:144132:1455:1456:1457:146754:148229:151011:152110:154664:158135:159:1606:1612:1615:164045:1662:1663:166378:166614:1759:1769:1770:1917:196385:200894:205:2051:2066:220869:221264:221458:225689:2260:22808:22848:22853:22989:23012:23026:23043:23046:23057:23078:23120:23205:2321:23305:23395:23396:23457:238:24:2444:25:2534:257218:25809:25865:25902:25923:25981:25989:26038:26052:2643:26750:26973:27:27010:2710:27127:27347:2776:2794:283446:283455:284076:284434:285220:2868:2869:28996:2909:2932:2963:29789:2984:29922:29984:31:3141:340156:340273:3416:343450:347240:3480:349565:3643:368:3707:374868:375449:3767:3796:3797:3845:388228:389840:3978:399:399687:4117:4145:4217:4233:445571:4621:4629:4638:4642:4643:4750:479:4919:492:4920:4976:5000:5024:5025:5026:50488:5058:5091:51062:51174:51199:51265:51347:5159:51761:5208:5211:5218:5243:5287:5288:5297:5305:5378:538:540:5414:54622:547:54795:54822:54926:54986:55500:55567:55582:55733:55750:55760:5578:55781:5579:5581:5583:5585:55871:5590:55915:5592:55930:5613:56164:57111:57118:57143:57172:57176:57180:57194:57198:57205:5747:57519:57538:5754:57644:57799:5825:58528:5864:5871:5873:5889:5890:59341:60678:6098:613:6198:6259:6261:640:64135:64147:644019:6447:64792:64895:64901:653857:658:6584:673:6733:6788:7006:701:7153:7155:7204:7273:7326:7327:7407:7520:79132:79363:79572:79611:79631:79677:79705:79739:79781:79784:80122:80201:80205:80216:81616:817:8224:8317:83473:83694:8395:84181:84239:84254:8428:84284:84446:84700:8491:8607:8621:8732:8735:8798:8844:89795:89797:89978:9031:9060:9064:9162:9201:9252:9261:9319:9400:9448:9557:9567:9619:9630:9654:989:990
GO:0000166	nucleotide binding	2135	371	282.53	3.7e-09	10000:10020:100506084:10056:10079:10121:10131:1018:1021:10257:10396:10420:1044:10588:10746:10767:10783:108:10856:10873:10890:109:10973:11069:111:11127:11332:114783:115:115827:116835:116987:116988:1183:1258:1261:127602:132:135114:136332:1373:139728:140803:1432:144132:1455:1456:1457:146754:148229:151011:152110:154664:158135:159:1606:1612:1615:164045:1662:1663:166378:166614:1727:1759:1769:1770:1917:196385:200894:205:2051:2066:2108:217:2203:220869:221264:221458:222229:222537:225689:2260:22808:22848:22853:22933:22989:23012:23026:23043:23046:23057:23078:23120:23171:23205:2321:23305:23395:23396:23457:238:24:2444:25:2534:257218:25809:25865:25902:25923:25981:25989:26038:26052:2643:26750:26973:27:27010:2710:27127:27347:2762:2776:2794:283446:283455:284076:284434:285220:2868:2869:28996:2909:2932:2963:29789:2984:29899:29922:29984:3033:31:3141:3276:340156:340273:3416:343450:347240:3480:349565:36:3643:368:3704:3707:374868:375449:376497:3767:3796:3797:3845:388228:389434:389840:3978:399:399687:4117:4145:4199:4217:4233:441250:445571:4621:4629:4638:4642:4643:4750:479:4919:492:4920:4976:5000:5024:5025:5026:50488:5058:5091:50940:51062:51084:51174:51199:51265:51347:5138:5142:5144:5159:51700:51761:5208:5211:5218:5243:5287:5288:5297:5305:5378:538:540:5414:54622:547:54795:54822:54926:54986:55289:55328:55349:55500:55567:55582:55733:55750:55760:5577:5578:55781:5579:5581:5583:5585:55871:5590:55915:5592:55930:5613:56164:56898:56953:57111:57118:57143:57172:57176:57180:57194:57198:57205:5747:57519:57538:5754:57553:57644:57799:5825:58528:5864:5871:5873:5889:5890:59341:60678:6098:613:6198:6259:6261:640:64135:64147:644019:6447:64792:64895:64901:653857:658:6584:673:6733:6788:7006:701:7153:7155:7204:7273:7326:7327:7407:7520:7881:79132:79363:79400:79572:79611:79631:79677:79705:79739:79781:79784:80122:80146:80201:80205:80216:80724:81616:817:8224:8317:83473:83694:8395:84181:84239:84254:8428:84284:84320:84446:84700:8491:8607:8621:8732:8735:874:8798:8844:89792:89795:89797:89978:9031:9060:9064:91452:9162:9201:9252:9261:9319:9400:9448:9557:9567:9619:9630:9645:9654:989:990
GO:1901265	nucleoside phosphate binding	2136	371	282.66	3.9e-09	10000:10020:100506084:10056:10079:10121:10131:1018:1021:10257:10396:10420:1044:10588:10746:10767:10783:108:10856:10873:10890:109:10973:11069:111:11127:11332:114783:115:115827:116835:116987:116988:1183:1258:1261:127602:132:135114:136332:1373:139728:140803:1432:144132:1455:1456:1457:146754:148229:151011:152110:154664:158135:159:1606:1612:1615:164045:1662:1663:166378:166614:1727:1759:1769:1770:1917:196385:200894:205:2051:2066:2108:217:2203:220869:221264:221458:222229:222537:225689:2260:22808:22848:22853:22933:22989:23012:23026:23043:23046:23057:23078:23120:23171:23205:2321:23305:23395:23396:23457:238:24:2444:25:2534:257218:25809:25865:25902:25923:25981:25989:26038:26052:2643:26750:26973:27:27010:2710:27127:27347:2762:2776:2794:283446:283455:284076:284434:285220:2868:2869:28996:2909:2932:2963:29789:2984:29899:29922:29984:3033:31:3141:3276:340156:340273:3416:343450:347240:3480:349565:36:3643:368:3704:3707:374868:375449:376497:3767:3796:3797:3845:388228:389434:389840:3978:399:399687:4117:4145:4199:4217:4233:441250:445571:4621:4629:4638:4642:4643:4750:479:4919:492:4920:4976:5000:5024:5025:5026:50488:5058:5091:50940:51062:51084:51174:51199:51265:51347:5138:5142:5144:5159:51700:51761:5208:5211:5218:5243:5287:5288:5297:5305:5378:538:540:5414:54622:547:54795:54822:54926:54986:55289:55328:55349:55500:55567:55582:55733:55750:55760:5577:5578:55781:5579:5581:5583:5585:55871:5590:55915:5592:55930:5613:56164:56898:56953:57111:57118:57143:57172:57176:57180:57194:57198:57205:5747:57519:57538:5754:57553:57644:57799:5825:58528:5864:5871:5873:5889:5890:59341:60678:6098:613:6198:6259:6261:640:64135:64147:644019:6447:64792:64895:64901:653857:658:6584:673:6733:6788:7006:701:7153:7155:7204:7273:7326:7327:7407:7520:7881:79132:79363:79400:79572:79611:79631:79677:79705:79739:79781:79784:80122:80146:80201:80205:80216:80724:81616:817:8224:8317:83473:83694:8395:84181:84239:84254:8428:84284:84320:84446:84700:8491:8607:8621:8732:8735:874:8798:8844:89792:89795:89797:89978:9031:9060:9064:91452:9162:9201:9252:9261:9319:9400:9448:9557:9567:9619:9630:9645:9654:989:990
GO:0036094	small molecule binding	2544	431	336.65	4.5e-09	10000:10020:100506084:10056:10079:10121:10131:1018:1021:10257:10396:10420:1044:10536:10588:1071:10746:10767:10783:108:10841:10856:10873:10890:109:10948:10973:11069:111:11127:11315:11332:113675:114783:114876:114879:114880:114884:115:115827:116443:116835:116987:116988:1183:1258:1261:127602:132:135114:136332:1373:139728:1404:140803:1432:144132:1455:1456:1457:145864:146754:148229:151011:152110:154664:158135:1586:159:1606:1612:1615:164045:1644:1662:1663:166378:166614:1727:174:1759:1769:1770:1807:1917:196385:200894:205:2051:2066:2108:217:2203:220869:221264:221458:222229:222537:225689:2260:22808:22848:22853:22933:22989:23012:23026:23043:23046:23057:23078:23120:23171:23205:2321:23245:23304:23305:23395:23396:23457:23596:23762:238:24:2444:25:2534:257218:25809:25865:25902:25923:25981:25989:26038:26052:2643:26750:26973:27:27010:2710:27127:27244:2731:27347:2741:2742:2762:2776:2794:283446:283455:284076:284434:285220:2868:2869:28996:2904:2909:2932:2963:29789:2984:29899:29922:29984:3033:31:3141:3276:340156:340273:3416:343450:347240:3480:349565:36:3643:368:3704:3707:3708:3709:374868:375449:376497:3767:3796:3797:3845:388228:389434:389812:389840:3934:3978:399:399687:4117:4145:4199:4217:4233:441250:445571:4548:4621:4629:4638:4642:4643:4750:479:4919:492:4920:4976:5000:5024:5025:5026:50488:5058:5066:5091:50940:51062:51084:51174:51199:51265:51347:5138:51380:5142:5144:5159:51700:51761:5208:5211:5218:5243:5287:5288:5297:5305:5334:5378:538:540:5414:54622:547:54762:54795:54822:54926:54986:55214:55289:55328:55349:55500:55567:55582:55703:55733:55750:55760:5577:5578:55781:5579:5581:5583:5585:55871:5590:55915:5592:55930:5613:56164:56898:56953:57111:57118:57143:57172:57176:57180:57194:57198:57205:5747:57476:57519:57538:5754:57553:57644:57799:5825:58528:5864:5871:5873:5889:5890:59341:5947:60678:6098:613:6198:6259:6261:6262:640:6403:64135:64147:644019:6447:64757:64792:64895:64901:65078:652968:653857:658:6584:673:6733:6788:6809:7006:701:7153:7155:7204:7273:7326:7327:7407:7421:7520:7881:79132:79363:79400:79572:79611:79631:79677:79701:79705:79739:79747:79781:79784:8001:80122:80146:80201:80205:80216:8029:80724:81:81616:817:8224:8277:8317:83473:83694:8395:84181:84239:84254:8428:84284:84320:84446:846:84700:8491:8607:8621:8732:8735:874:8798:883:8842:8844:8942:8974:89792:89795:89797:89978:9031:9060:9064:91452:9162:9201:9213:9252:9261:9319:9365:9400:9448:9557:9567:9619:9630:9645:9654:989:990:9971
GO:0005509	calcium ion binding	713	146	94.35	2.8e-08	1002:1004:1008:1012:10398:10497:10518:10905:11131:11199:114789:123745:1373:147372:151651:1606:170591:1952:1953:2009:2158:2195:219621:2200:222256:22795:22883:22915:23025:23140:23236:23245:23413:23418:23499:23624:23670:25992:26025:26035:2643:27306:28316:307:30819:30820:346007:3708:3709:374786:388743:3949:4036:4038:4052:444:4745:5066:5098:51162:51199:5169:51702:51760:5321:5332:53353:54550:54795:54825:55118:5530:55331:55784:55959:56097:56098:56099:56100:56101:56102:56103:56104:56105:56106:56107:56108:56109:56110:56111:56112:56113:56114:5624:57088:57190:57451:58513:6261:6262:6263:6403:64072:64093:6442:64420:6546:6586:667:673:6786:6860:7092:7093:7163:7273:794:79400:79772:8029:80333:81:824:83394:83850:83998:84059:844:845:846:85477:8605:8641:87:88:8904:89766:90141:9033:92211:92737:9353:9378:9708:9727:999
GO:0022836	gated channel activity	339	81	44.86	5.6e-08	11280:1143:116443:1183:1188:123591:1258:1261:131096:147798:157855:200959:23413:23415:2560:2567:259232:25932:2741:2742:2893:2894:2895:2897:2899:2904:30819:30820:343450:357:3708:3709:3742:3746:3763:3767:3778:3780:3781:3784:3786:3787:41:5024:5025:5026:51305:54102:54795:55107:55129:55799:56479:57101:59341:6261:6262:6263:6323:6327:6339:63895:63982:773:776:779:781:783:785:7881:79054:8001:80036:80333:8911:89822:9033:9254:9256:9312:9992
GO:0046873	metal ion transmembrane transporter acti...	424	96	56.11	5.8e-08	10479:11280:116443:131096:140803:152519:157855:168507:23315:23413:23415:254428:259232:26266:284111:285195:2897:2899:2904:30819:30820:342372:343450:348938:357:3708:3709:3742:3746:3763:3767:3778:3780:3781:3784:3786:3787:389015:41:479:492:5025:51305:538:540:54716:54795:54822:55117:55151:55334:55503:55799:56479:57419:59341:6261:6262:6263:6323:6327:6339:6523:6530:6532:6540:6546:6557:6559:6568:6580:773:776:779:781:783:785:7881:79054:80036:80228:80333:83697:84561:8671:8911:89822:9033:91252:9152:9154:9254:9256:9312:9497:9992
GO:0051015	actin filament binding	211	57	27.92	6.7e-08	10083:10391:114793:119:127294:129446:1495:22989:23026:23345:23499:25:2620:27:283446:29119:3092:357:399687:4621:4629:4642:4643:4703:50853:51474:55607:55930:57180:57619:57644:59341:63876:64601:6532:653857:6710:6840:7111:7273:7402:7739:783:79784:81:832:83660:83715:84448:8522:85477:87:8735:8736:88:91010:9172
GO:0005516	calmodulin binding	198	54	26.2	1.0e-07	10497:109:119:128153:139728:157922:1612:200373:2035:22989:23025:23236:23271:2596:3707:3780:3781:3784:3786:4155:4621:4629:4638:4642:4643:492:54795:5530:55503:55930:56479:57118:57172:5924:59341:5999:6261:6262:6263:6546:6645:6711:7273:779:79784:800:817:8398:8411:84223:84254:8735:9261:9590
GO:0035091	phosphatidylinositol binding	257	65	34.01	1.3e-07	10026:11188:114879:123745:128869:143162:150684:153090:163486:169166:2035:221472:23236:23263:23760:257364:2596:26207:26750:27236:285180:285590:28966:3092:3708:3709:3784:401548:4137:4534:4643:4926:50853:5217:5287:5288:5321:5337:55062:55102:55686:55763:55915:56288:57231:57664:57706:59338:64411:6840:79109:79674:79856:83850:8411:84725:85477:88:91404:92017:9372:9644:9758:9765:9873
GO:0022839	ion gated channel activity	329	78	43.54	1.4e-07	11280:1143:116443:1183:1188:1258:1261:131096:157855:200959:23413:23415:2560:2567:259232:25932:2741:2742:2893:2894:2895:2897:2899:2904:30819:30820:343450:357:3708:3709:3742:3746:3763:3767:3778:3780:3781:3784:3786:3787:41:5024:5025:5026:51305:54102:54795:55107:55129:55799:56479:57101:59341:6261:6262:6263:6323:6327:6339:63982:773:776:779:781:783:785:7881:79054:8001:80036:80333:8911:89822:9033:9254:9256:9312:9992
GO:0005261	cation channel activity	316	75	41.82	2.3e-07	11280:1143:116443:1258:1261:131096:140803:157855:168507:23413:23415:259232:285175:2893:2897:2899:2904:30819:30820:342372:343450:357:3708:3709:3742:3746:3763:3767:3778:3780:3781:3784:3786:3787:41:5024:5025:5026:51305:54795:54822:55107:55129:55151:55503:55799:56479:57419:59341:6261:6262:6263:6323:6327:6339:63895:773:776:779:781:783:785:7881:79054:79400:80036:80228:80333:8911:89822:9033:9254:9256:9312:9992
GO:0005216	ion channel activity	407	91	53.86	2.3e-07	11280:1143:116443:1183:1188:1258:1261:131096:140803:157855:168507:200959:23413:23415:2560:2567:259232:25932:2741:2742:285175:2893:2894:2895:2897:2899:2904:30819:30820:342372:343450:357:3708:3709:3742:3746:3763:3767:3778:3780:3781:3784:3786:3787:41:5024:5025:5026:51305:54102:54795:54822:54831:55013:55107:55129:55151:55503:55799:56479:57101:57419:59341:6261:6262:6263:6323:6327:6339:63895:63982:773:776:779:781:783:785:7881:79054:79400:8001:80036:80228:80333:8911:89822:9033:9254:9256:9312:9992
GO:0005085	guanyl-nucleotide exchange factor activi...	198	53	26.2	2.6e-07	10451:11069:11214:152273:160518:163486:1793:1794:1795:221002:221472:22898:23077:23096:23101:23179:23263:23370:255426:26297:27147:2889:29:345930:50649:51196:51735:54869:55103:55619:57221:57706:5866:5900:5923:5924:613:64283:64805:6654:7204:7410:80243:81846:8925:9459:9467:9639:9649:9732:9828:9844:9922
GO:0017124	SH3 domain binding	128	39	16.94	2.8e-07	10314:134265:153090:1793:1795:1809:202559:225689:22941:23624:25:2889:30011:342184:3636:395:4036:4137:5071:55680:57088:57706:60312:644150:6450:6654:7405:8030:83715:83992:84665:8631:8728:8751:8871:9444:9467:9732:9844
GO:0008289	lipid binding	784	152	103.75	5.1e-07	10026:100271927:10400:10497:1071:10948:11188:11199:114876:114879:114880:114884:115209:116987:118987:123745:128869:131034:1373:143162:150684:151835:153090:1606:163486:169166:174:2035:2055:2103:221472:23025:23236:23263:23596:23760:23762:2494:257364:2596:26207:26509:26580:26750:27236:285180:285590:2864:2869:28966:2909:29924:307:3092:367:3708:3709:375298:3784:3929:401548:4137:4240:4534:4643:4763:4779:4926:4976:4983:50853:5130:51652:51735:51760:5217:5287:5288:5321:5337:54762:55062:55102:55289:55686:55763:55784:55915:56288:57231:57476:575:57519:57664:57699:57706:57731:58488:5922:59338:59341:5947:6403:64411:65078:671:6711:6809:6840:6860:7006:7421:7873:79109:7941:79674:79772:79856:80115:81575:83394:83850:83851:8411:84249:84320:84725:84747:85377:85477:8605:88:8842:8904:89853:91404:91452:92017:92747:9294:9365:9372:94120:94121:9619:9644:9685:9758:9765:9873:9922:9971
GO:0016773	phosphotransferase activity, alcohol gro...	659	131	87.21	8.0e-07	10000:10020:1018:1021:10420:10641:10746:10783:11214:114783:132:139728:1432:1455:1456:1457:152110:1606:1612:1949:2051:2066:225689:2260:22848:22853:23012:23043:2321:23396:238:2444:25:2534:25865:25989:26750:27:2710:27347:283455:285220:2868:2869:28996:2932:2984:340156:3480:3643:3707:375298:375449:388228:389840:4052:4117:4145:4217:4233:4638:4750:4919:4920:50488:5058:51232:51265:51347:5157:5159:5208:5211:5218:5287:5288:5297:5305:55277:55500:55750:5578:55781:5579:5581:5583:5585:5590:5592:5613:57118:57143:57172:5747:5754:5871:6098:613:6198:6259:640:658:673:6733:6788:7006:701:7204:7273:80201:80216:817:8317:8395:84254:8428:84446:8491:8493:8621:8798:8829:8844:9031:9060:9064:9162:9201:9252:9261:9448
GO:0022838	substrate-specific channel activity	420	91	55.58	1.0e-06	11280:1143:116443:1183:1188:1258:1261:131096:140803:157855:168507:200959:23413:23415:2560:2567:259232:25932:2741:2742:285175:2893:2894:2895:2897:2899:2904:30819:30820:342372:343450:357:3708:3709:3742:3746:3763:3767:3778:3780:3781:3784:3786:3787:41:5024:5025:5026:51305:54102:54795:54822:54831:55013:55107:55129:55151:55503:55799:56479:57101:57419:59341:6261:6262:6263:6323:6327:6339:63895:63982:773:776:779:781:783:785:7881:79054:79400:8001:80036:80228:80333:8911:89822:9033:9254:9256:9312:9992
GO:0008324	cation transmembrane transporter activit...	627	125	82.97	1.2e-06	10396:10479:11280:1143:116443:1183:123096:1258:1261:131096:140803:145389:148867:150159:152519:153201:157855:168507:170712:23315:23413:23415:245972:254428:259232:26266:26503:284111:285175:285195:285641:2893:2897:2899:2904:30819:30820:342372:343450:348938:357:3708:3709:3742:3746:3763:3767:3778:3780:3781:3784:3786:3787:389015:41:479:492:5024:5025:5026:51305:51458:538:540:54716:54795:54822:55107:55117:55129:55151:55334:55503:55799:56479:57419:59341:6005:6006:6007:6261:6262:6263:6323:6327:6339:63895:6523:6530:6532:6540:6546:6557:6559:6568:6580:6584:773:776:779:781:783:785:7881:79054:79400:80036:80228:80333:83697:84561:85413:85414:8671:8911:89822:9033:91252:9152:9154:9254:9256:9312:9497:9992
GO:0015631	tubulin binding	370	82	48.96	1.3e-06	10300:1063:10841:11043:11076:11127:114791:135138:147700:157922:158135:158297:1759:2009:221458:22924:23046:23122:23271:23281:23287:23291:23332:23499:2534:25809:26052:26146:2620:2622:282973:283726:284076:3064:324:341019:342184:347240:3796:3797:4137:4926:4976:5071:51199:5142:51512:54462:547:54820:54828:55259:55582:56890:56896:57159:57509:57519:58497:59341:64147:6530:667:6786:6904:729440:7461:79739:79884:80173:80817:83473:84295:84446:84871:85378:85458:89795:9448:9654:9787:9832
GO:0016301	kinase activity	722	140	95.54	1.4e-06	10000:10020:1018:1021:10420:10641:10746:10783:11214:114783:132:136332:139728:1432:1455:1456:1457:152110:1606:1612:1739:1949:205:2051:2066:221264:225689:2260:22848:22853:23012:23043:2321:23396:238:2444:25:2534:25865:259230:25989:26750:27:27010:2710:27347:283455:285220:2868:2869:28996:2932:2984:29922:340156:3480:3643:3707:375298:375449:388228:389840:4052:4117:4145:4217:4233:4638:4750:4919:4920:50488:5058:51232:51265:51347:5157:5159:5208:5211:5218:5287:5288:5297:5305:55277:55500:55750:5578:55781:5579:5581:5583:5585:5590:5592:5613:57118:57143:57172:5747:5754:5871:6098:613:6198:6259:640:658:673:6733:6788:7006:701:7204:7273:80201:80216:817:8317:8382:8395:84254:8428:84446:8491:8493:8621:8798:8829:8844:9031:9060:9064:9162:9201:9252:9261:9414:9448
GO:0043169	cation binding	4319	664	571.54	1.6e-06	10010:100131539:1002:10020:100271927:100293516:1004:10056:10079:1008:1012:10150:10299:10314:10336:10396:10398:104:10404:10417:10420:10451:10497:105:10518:10536:10588:10611:1071:10746:10783:108:10873:109:10905:10926:11043:110599583:11076:11083:11097:111:11131:11163:11199:11214:11226:11227:11238:1124:11278:11282:11283:11285:1131:11315:11320:11342:1143:114783:114789:114804:115:115209:116113:116225:116443:116983:116987:116988:117854:118429:1188:118987:121278:123745:126208:127665:1278:128553:1289:129563:1301:1302:130507:131034:132:135152:1368:1369:1373:137902:140685:140691:140766:140803:142683:147372:148229:149076:150684:150962:151651:151742:151835:152002:152110:152273:153769:155185:158326:158471:1586:159:1606:161882:1636:1663:169355:169792:170591:171019:171425:1727:174:1761:1788:1791:1807:1838:1952:1953:196528:1990:2009:201501:201595:2027:2028:2103:2131:2137:2157:2158:2184:2195:219621:219654:2200:2203:220972:221294:221472:221895:222194:222256:2230:2235:22795:22834:22882:22883:22915:22933:22998:22999:23012:23024:23025:23030:23035:23040:23077:23081:23090:23120:23140:23144:23220:23236:23245:23287:23295:23300:23304:23321:23370:23413:23414:23418:23467:23499:23549:23608:23624:23670:23760:239:2395:2494:25:2534:253738:254552:257101:257218:25862:25865:2588:25885:2590:25924:25953:25988:25992:26013:26025:26035:26038:26136:26137:2632:2643:2649:26509:26747:26973:27:27086:27115:27136:27244:27299:27306:2731:2737:2741:2742:27434:2766:2776:28316:283455:284106:284131:284346:285180:285440:285498:285971:286053:286151:2863:28964:2904:29066:2959:29789:29799:29922:29951:307:30819:30820:3096:3097:31:3268:331:340385:341277:3416:342945:342977:346007:347344:351:3607:367:3675:3695:3704:3708:3709:374786:374868:375449:3767:3778:388743:389840:390928:391059:3934:3949:3978:4026:4036:4038:4052:4086:4091:4117:4199:4217:4285:4297:4312:4326:441250:442117:444:4520:4548:463:4638:4653:4661:473:4745:4750:4763:479:4862:492:4920:4976:49855:5025:5053:5066:5071:5073:5091:50940:5098:51162:51167:51196:51199:51230:51257:51281:51292:5130:5138:5139:5140:5142:5144:51474:5150:51652:5169:51702:51760:51761:51809:5211:5251:5321:5325:5332:53335:53353:53630:5371:538:540:5414:54550:5471:54795:54822:54825:54897:54928:54941:55107:55118:55124:55214:55240:5530:55316:55331:55345:55503:55568:55596:55628:55680:55702:55703:5578:55781:55784:5579:55790:55799:5581:5583:55856:5590:55959:56097:56098:56099:56100:56101:56102:56103:56104:56105:56106:56107:56108:56109:56110:56111:56112:56113:56114:5618:5624:56888:56934:56950:56953:56980:57088:57094:57159:57178:57190:57194:57198:57205:57451:57459:57553:57687:57699:57820:58488:58497:58513:5915:5922:59269:59335:59341:60496:60682:60685:6096:6117:619279:6261:6262:6263:6390:63917:63929:63951:63977:6403:64062:64072:64077:64093:64131:64135:64172:64180:64283:643596:64375:64411:6442:64420:64754:64757:64795:64895:64919:652968:6530:6532:6546:658:6586:6623:6650:667:6671:673:6733:6769:6786:6788:6860:6917:6919:6935:7006:7047:7068:7092:7093:7135:7153:7155:7161:7163:7188:7273:7402:7403:7410:7421:7468:747:763:767:7703:7704:773:7739:776:779:7799:781:79033:79068:79132:79149:79152:794:79400:79572:79695:79701:79705:79723:79772:79817:79871:79901:8001:80070:80128:8013:80144:8028:8029:80332:80333:80781:81:81792:81794:81844:824:8277:8288:8317:83394:83850:83860:83998:84059:84108:8411:84133:84146:84171:84239:84256:8428:84295:844:84446:84448:845:846:84627:84662:84678:84708:84735:84816:84871:8493:84954:85015:8515:8516:85301:8532:85377:8544:85463:85477:8572:8605:8641:87:8728:8751:8798:88:8829:8844:8887:8904:8908:89122:8974:89766:8994:90141:9031:9033:90459:9064:90987:9099:91404:9152:9162:91752:91801:9215:92211:9252:9254:9260:92737:92979:9353:9369:9372:9378:94121:9501:9508:9520:9586:9630:9645:9647:9699:9708:9718:9727:9734:9755:9765:9781:9871:9880:9971:999
GO:0022890	inorganic cation transmembrane transport...	575	116	76.09	1.6e-06	10396:10479:11280:1143:116443:1183:1258:1261:131096:140803:150159:152519:153201:157855:168507:170712:23315:23413:23415:245972:254428:259232:26266:26503:284111:285175:285195:285641:2893:2897:2899:2904:30819:30820:342372:343450:348938:357:3708:3709:3742:3746:3763:3767:3778:3780:3781:3784:3786:3787:389015:41:479:492:5024:5025:5026:51305:538:540:54716:54795:54822:55107:55117:55129:55151:55334:55503:55799:56479:57419:59341:6261:6262:6263:6323:6327:6339:63895:6523:6530:6532:6540:6546:6557:6559:6568:6580:773:776:779:781:783:785:7881:79054:79400:80036:80228:80333:83697:84561:85414:8671:8911:89822:9033:91252:9152:9154:9254:9256:9312:9497:9992
GO:0051020	GTPase binding	386	84	51.08	2.1e-06	10451:10497:11069:11127:11214:115704:152273:160518:161514:163486:1793:1794:1795:2059:221002:221472:22898:22999:23077:23085:23096:23101:23179:23263:23370:23380:255426:26297:27147:27352:2889:29:345930:399:5058:50649:51196:51555:51735:54869:55103:55607:55619:55626:55698:55770:5585:57221:57531:57706:5798:58528:5866:5900:5923:5924:613:636:64283:64805:6654:6711:673:7204:7410:79109:80243:81846:85377:8925:9459:9467:9639:9649:9710:9712:9727:9732:9828:9844:9853:9905:9910:9922
GO:0050839	cell adhesion molecule binding	514	105	68.02	2.8e-06	1002:1004:1008:1012:10457:10458:10611:10755:10890:11122:11188:11315:114793:1289:143098:1495:1501:151963:153090:1739:1842:2191:2200:222256:2246:22837:22854:22859:23085:2317:23499:23670:26011:26136:28316:288:29119:29789:324:3675:3693:3694:3695:3898:3909:4240:5025:50848:51474:5297:54825:54869:55243:55357:5578:55898:57451:5747:57502:5754:57650:5787:5789:5800:5803:5817:5818:58494:58513:64072:64837:667:6711:7148:7402:7414:7450:7534:800:81:81624:832:83660:8428:846:84623:84978:85329:85377:8607:8650:87:8751:88:8840:8842:9052:9294:93663:9369:9378:9414:9685:989:999
GO:0004672	protein kinase activity	552	111	73.05	3.2e-06	10000:1018:1021:10420:10641:10746:10783:11214:114783:139728:1432:1455:1456:1457:152110:1612:1949:2051:2066:225689:2260:22848:22853:23012:23043:2321:238:2444:25:2534:25865:25989:26750:27:27347:283455:285220:2868:2869:28996:2932:2984:340156:3480:3643:375449:388228:389840:4052:4117:4145:4217:4233:4638:4750:4919:4920:50488:5058:51232:51265:51347:5157:5159:5218:5578:55781:5579:5581:5583:5585:5590:5592:5613:57118:57143:57172:5747:5754:5871:6098:613:6198:6259:640:658:673:6733:6788:7006:701:7204:7273:80216:817:8317:84254:8428:84446:8491:8493:8621:8798:8829:8844:9031:9064:9201:9252:9261:9448
GO:0046872	metal ion binding	4234	649	560.29	3.4e-06	10010:100131539:1002:10020:100271927:100293516:1004:10056:10079:1008:1012:10150:10299:10314:10336:10396:10398:104:10404:10417:10420:10451:10497:105:10518:10536:10588:10611:10746:10783:108:10873:109:10905:10926:11043:110599583:11076:11083:11097:111:11131:11163:11199:11214:11226:11227:11238:1124:11278:11282:11283:11285:11315:11320:11342:114783:114789:114804:115:115209:116113:116225:116983:116987:116988:117854:118429:1188:118987:121278:123745:126208:127665:1278:128553:1289:129563:1301:1302:130507:131034:132:135152:1368:1369:1373:137902:140685:140691:140766:140803:142683:147372:148229:149076:150684:150962:151651:151742:151835:152002:152110:152273:153769:155185:158326:158471:1586:159:1606:161882:1636:1663:169355:169792:170591:171019:171425:174:1761:1788:1791:1807:1838:1952:1953:196528:1990:2009:201501:201595:2027:2028:2103:2131:2137:2157:2158:2184:2195:219621:219654:2200:2203:220972:221294:221472:221895:222194:222256:2230:2235:22795:22834:22882:22883:22915:22933:22998:22999:23012:23024:23025:23030:23035:23040:23077:23081:23090:23120:23140:23144:23220:23236:23245:23287:23295:23300:23304:23321:23370:23413:23414:23418:23467:23499:23549:23608:23624:23670:239:2395:2494:25:2534:253738:254552:257101:257218:25862:25865:2588:25885:2590:25924:25953:25988:25992:26013:26025:26035:26038:26136:26137:2643:2649:26509:26747:26973:27:27086:27115:27136:27299:27306:2737:2741:2742:27434:2766:2776:28316:283455:284106:284131:284346:285180:285440:285498:285971:286053:286151:2863:28964:2904:29066:2959:29789:29799:29922:29951:307:30819:30820:3096:3097:31:3268:331:340385:341277:3416:342945:342977:346007:347344:351:3607:367:3675:3695:3704:3708:3709:374786:374868:375449:3767:3778:388743:389840:390928:391059:3934:3949:3978:4026:4036:4038:4052:4086:4091:4117:4199:4217:4285:4297:4312:4326:441250:442117:444:4520:4548:463:4638:4653:4661:473:4745:4750:479:4862:492:4920:4976:49855:5025:5053:5066:5071:5073:5091:50940:5098:51162:51167:51196:51199:51230:51257:51281:51292:5138:5139:5140:5142:5144:51474:5150:5169:51702:51760:51761:51809:5211:5251:5321:5325:5332:53335:53353:53630:5371:538:540:5414:54550:5471:54795:54822:54825:54897:54928:54941:55107:55118:55124:55214:55240:5530:55316:55331:55345:55503:55568:55596:55628:55680:55702:55703:5578:55781:55784:5579:55790:55799:5581:5583:55856:5590:55959:56097:56098:56099:56100:56101:56102:56103:56104:56105:56106:56107:56108:56109:56110:56111:56112:56113:56114:5618:5624:56888:56934:56950:56953:56980:57088:57094:57159:57178:57190:57194:57198:57205:57451:57459:57553:57687:57699:57820:58497:58513:5915:5922:59269:59335:59341:60496:60682:60685:6096:6117:619279:6261:6262:6263:6390:63917:63929:63951:63977:6403:64062:64072:64077:64093:64131:64135:64172:64180:64283:643596:64375:64411:6442:64420:64754:64757:64795:64895:64919:6530:6532:6546:658:6586:6623:6650:667:6671:673:6733:6769:6786:6788:6860:6917:6919:6935:7006:7047:7068:7092:7093:7135:7153:7155:7161:7163:7188:7273:7402:7403:7410:7421:7468:747:763:767:7703:7704:773:7739:776:779:7799:781:79033:79068:79132:79149:79152:794:79400:79572:79695:79701:79705:79723:79772:79817:79871:79901:8001:80070:80128:8013:80144:8028:8029:80332:80333:80781:81:81792:81794:81844:824:8277:8288:8317:83394:83850:83860:83998:84059:84108:8411:84133:84146:84171:84239:84256:8428:84295:844:84446:84448:845:846:84627:84662:84678:84708:84735:84816:84871:8493:84954:85015:8515:8516:85301:8532:85377:8544:85463:85477:8572:8605:8641:87:8728:8751:8798:88:8829:8844:8887:8904:8908:89122:8974:89766:8994:90141:9031:9033:90459:9064:90987:9099:9152:9162:91752:91801:9215:92211:9252:9254:9260:92737:92979:9353:9369:9372:9378:94121:9501:9508:9520:9586:9630:9645:9647:9699:9708:9718:9727:9734:9755:9765:9781:9871:9880:9971:999
GO:0015075	ion transmembrane transporter activity	865	160	114.47	4.7e-06	10257:10396:10479:11280:11309:113278:1143:114789:116443:117247:1183:1188:123096:1258:1261:131096:140803:144195:145389:148867:1497:150159:151473:152519:153201:157855:168507:170712:1836:200959:23315:23413:23415:245972:254428:2560:2567:259232:25932:26266:26503:2741:2742:284111:285175:285195:285641:2893:2894:2895:2897:2899:2904:30819:30820:342372:343450:348938:357:368:3708:3709:3742:3746:375611:3763:376497:3767:3778:3780:3781:3784:3786:3787:387700:389015:41:479:492:5024:5025:5026:51305:51458:5243:538:540:54102:54716:54795:54822:54831:55013:55107:55117:55129:55151:55334:55503:55754:55799:56479:57101:57419:59341:6005:6006:6007:6261:6262:6263:6323:6327:6339:63895:63982:6523:6530:6532:6540:6546:6557:6559:6568:6580:6584:773:776:779:781:783:785:7881:79054:79400:8001:80036:80228:80333:83697:84068:84561:8501:85413:85414:8671:8911:89822:89874:9033:91252:9152:9154:9213:9254:9256:9312:94097:9497:9992
GO:0015267	channel activity	463	95	61.27	6.8e-06	10452:11280:1143:116443:1183:1188:123591:1258:1261:131096:140803:147798:157855:168507:200959:23413:23415:2560:2567:259232:25932:2741:2742:285175:2893:2894:2895:2897:2899:2904:30819:30820:342372:343450:357:3708:3709:3742:3746:3763:3767:3778:3780:3781:3784:3786:3787:41:5024:5025:5026:51305:54102:54795:54822:54831:55013:55107:55129:55151:55503:55799:56479:57101:57419:59341:6005:6261:6262:6263:6323:6327:6339:63895:63982:773:776:779:781:783:785:7881:79054:79400:8001:80036:80228:80333:8911:89822:9033:9254:9256:9312:9992
GO:0022803	passive transmembrane transporter activi...	464	95	61.4	7.4e-06	10452:11280:1143:116443:1183:1188:123591:1258:1261:131096:140803:147798:157855:168507:200959:23413:23415:2560:2567:259232:25932:2741:2742:285175:2893:2894:2895:2897:2899:2904:30819:30820:342372:343450:357:3708:3709:3742:3746:3763:3767:3778:3780:3781:3784:3786:3787:41:5024:5025:5026:51305:54102:54795:54822:54831:55013:55107:55129:55151:55503:55799:56479:57101:57419:59341:6005:6261:6262:6263:6323:6327:6339:63895:63982:773:776:779:781:783:785:7881:79054:79400:8001:80036:80228:80333:8911:89822:9033:9254:9256:9312:9992
GO:0008017	microtubule binding	271	62	35.86	8.7e-06	10300:1063:10841:11043:11076:11127:114791:147700:157922:158297:1759:2009:221458:22924:23046:23122:23271:23281:23291:23332:23499:26052:26146:2620:2622:282973:283726:324:341019:342184:347240:3796:3797:4137:4926:4976:51199:51512:54462:547:54820:55259:55582:56890:56896:57159:57509:57519:59341:64147:667:6786:729440:7461:79884:80817:83473:85378:89795:9448:9787:9832
GO:0015318	inorganic molecular entity transmembrane...	808	149	106.92	1.2e-05	10396:10479:11280:11309:1143:116443:117247:1183:1188:123096:1258:1261:131096:140803:145389:1497:150159:151473:152519:153201:157855:168507:170712:1836:200959:23315:23413:23415:245972:254428:2560:2567:259232:25932:26266:26503:2741:2742:284111:285175:285195:285641:2893:2894:2895:2897:2899:2904:30819:30820:342372:343450:348938:357:368:3708:3709:3742:3746:375611:3763:376497:3767:3778:3780:3781:3784:3786:3787:387700:389015:41:479:492:5024:5025:5026:51305:5243:538:540:54102:54716:54795:54822:54831:55013:55107:55117:55129:55151:55334:55503:55799:56479:57101:57419:59341:6261:6262:6263:6323:6327:6339:63895:63982:6523:6530:6532:6540:6546:6557:6559:6568:6580:773:776:779:781:783:785:7881:79054:79400:8001:80036:80228:80333:83697:84068:84561:8501:85414:8671:8911:89822:89874:9033:91252:9152:9154:9213:9254:9256:9312:94097:9497:9619:9992
GO:0003824	catalytic activity	5716	847	756.4	1.3e-05	10000:10010:10020:10026:10056:10076:10090:10171:1018:1021:10257:10283:10299:10314:10396:104:10400:10404:10420:105:10536:10588:10641:10681:10699:10746:10767:10783:108:10841:10856:10873:10890:109:10905:10965:10973:11043:11059:110599583:11060:11076:111:11101:11122:11127:11131:11145:11163:1118:11214:11226:11227:11238:11282:11283:11285:113000:1131:11315:11320:11332:11342:11343:113451:113675:114783:114804:115:115209:115290:115827:116987:116988:117145:117854:1191:119391:121278:123099:123745:125336:126549:127602:129563:129642:130507:132:134147:135114:135152:136332:1368:1369:1373:137902:137964:1384:139728:140691:140733:140766:1432:144132:144233:144423:144699:144715:145173:1455:1456:1457:146754:149998:150763:150962:151011:151742:152002:152110:153769:154141:154664:155185:158135:158471:158584:1586:159:159195:160428:1606:1612:1615:1636:164045:1644:1662:1663:166378:169355:169714:170712:171019:171425:171568:1727:1739:1759:1769:1770:1773:1788:1791:1803:1804:1807:1809:1846:1909:1917:1949:196385:196483:1990:200205:201595:2027:2028:205:2051:2066:2072:2108:2131:2137:2146:2157:2158:217:2184:2191:2203:220972:221264:221294:221458:2218:222194:222537:222643:2230:2235:225689:2260:22808:22848:22853:22876:22933:22989:23012:23014:23024:23026:23030:23035:23043:23046:23057:23072:23077:23078:23081:23171:23205:2321:23220:23236:23287:23291:23295:23304:23305:23321:23327:23382:23395:23396:23417:23457:23475:23499:23549:23556:23608:23624:23670:238:239:2395:24:2444:245972:25:2534:254528:254552:257068:257218:25809:25828:25862:25864:25865:2588:25885:2590:25902:25923:259230:25953:25981:25989:26034:26035:26038:26052:26095:26122:26261:26275:2632:2643:2673:26750:2678:27:27010:2710:27115:27143:27244:27299:27306:2731:27347:27434:2762:2766:2776:2794:2822:283358:283446:283455:283464:284004:284076:284131:285220:285440:285498:285848:286053:2868:2869:28992:28996:2909:2932:2959:2963:29789:29800:2984:29922:29984:3030:3033:3083:31:3141:3249:3250:3276:3295:331:3340:339855:339967:340156:340273:340481:340562:341277:3416:347240:347516:3480:349565:36:360200:3636:3643:368:3704:3707:3720:375298:375449:376497:3767:3796:3797:3845:387338:387521:388228:388743:389434:389840:390928:391059:391365:3931:3978:3988:399:3991:399687:401647:4052:4117:4145:4166:4199:4217:4233:4257:4285:4297:4312:4326:4357:441024:441250:442117:444:4482:4507:4534:4548:4621:4629:4638:4642:4643:4702:4705:4734:4750:479:4839:4919:492:4920:4976:501:5019:50488:5053:5058:5066:5071:5073:5091:50940:51062:51070:51084:51097:51114:51144:51167:51174:51196:51232:51257:51265:51292:5130:51304:51347:51365:51377:5138:51380:5139:5140:51409:5142:5144:51451:51496:5150:51514:51557:5157:5159:51657:51666:5169:51700:51702:51741:51761:51809:5208:5211:5217:5218:5243:5251:5287:5288:5297:5305:5321:5332:5334:5336:5337:53630:5371:5378:538:540:54107:5414:5435:54414:54434:54498:547:5471:54858:54926:54928:54941:55074:55124:55214:55240:55277:55289:5530:55316:55328:55331:55345:55349:55500:55567:55568:55582:55617:55703:55718:55733:55750:55757:55760:55779:5578:55781:5579:55790:5581:5583:5585:55856:55862:5590:5592:55930:55959:56052:5613:56164:5624:5641:56649:5686:56888:56896:56898:56934:56950:56953:56964:56980:57094:57111:57118:57143:57159:57161:57172:57176:57190:57412:57460:5747:57519:57520:57531:5754:57553:57644:57687:57695:5778:57799:57820:5787:5789:5791:5793:5798:5800:5801:5803:5825:58497:58528:586:5864:5871:5873:5889:5890:5932:59335:594:5998:5999:60487:60496:60526:606495:60678:6098:613:6185:6198:6259:63899:6390:63917:63929:63977:640:64077:64081:64131:64135:64147:64172:64180:64285:64421:64426:64446:644974:64579:646625:64699:64711:64750:64754:64757:64772:64792:64795:6483:64863:6487:64895:658:6611:6650:6721:673:6733:6788:7006:701:7047:7092:7093:7153:7155:7188:7204:726:7273:727936:7326:7327:7389:7403:7407:7468:747:7515:7520:763:767:7799:7881:78986:78990:79033:79068:79071:79132:79133:79147:7915:79152:79363:79400:7941:79572:79575:79611:79612:79631:79677:79695:79701:79705:79709:79723:79739:79746:79747:79758:79781:79783:79784:79796:79823:79829:79871:79875:79885:79901:79944:80070:80146:80150:80168:80201:80205:80216:80332:8050:80724:8091:81544:81616:81691:817:81792:81794:81844:81849:8202:8228:824:8277:8288:8317:83394:83401:83473:83734:8382:83857:83943:8395:8398:84059:84132:84133:84171:84181:84236:84239:84254:8428:84284:84446:84461:84569:846:84650:84678:84700:84708:84735:84750:84816:84867:84871:8490:8491:8492:8493:84945:84954:84959:85002:85015:85313:8532:8544:85463:85464:8556:8605:8607:8621:8659:8728:8732:8735:874:8751:8760:87769:8787:8798:8808:8821:8829:883:8844:8871:8904:8908:89122:8925:8942:8974:89792:89795:89797:89944:89978:90025:90161:9031:90459:9060:9064:90673:9099:91227:9162:91801:91942:9200:9201:92086:9215:9252:9261:92979:9318:9319:93492:9365:9400:9414:9448:9508:952:9520:9557:9562:9567:9619:9628:9630:9645:9647:9654:9663:96764:9718:9734:9781:989:993
GO:0008047	enzyme activator activity	539	105	71.33	2.4e-05	10010:100271927:10049:101060376:10144:10451:10641:10681:10718:10926:11138:1124:11315:113451:115704:116983:116987:116988:125058:134957:143872:153090:1603:161514:1793:1794:23094:23102:23108:23216:23232:23236:23380:23779:245711:253260:26230:27352:2776:285590:28964:29:2909:29103:2915:3268:351:395:414060:4326:4660:4763:4983:538:54828:55160:5527:55357:55633:55789:5581:55843:57186:57521:57533:57584:57636:58504:5864:5922:5998:5999:60682:613:64215:64411:64786:6654:6788:6904:729873:729877:7520:79658:80243:8131:83478:8490:84986:8787:8829:9052:93663:94134:9459:9462:9628:9644:9712:9732:9779:9882:9901:9905:9910
GO:0005215	transporter activity	1169	202	154.69	2.7e-05	10257:10396:10452:10479:1071:10948:10972:11280:11309:113278:1143:114789:114876:114879:114880:114884:116443:117247:1183:1188:123096:123591:1258:1261:127700:131096:140803:144195:145389:147798:148867:1497:150159:151473:152519:153201:154664:157855:168507:170712:1836:200959:222553:22987:23315:23413:23415:23457:23760:23762:24:245972:254428:2560:2567:259232:25932:26207:26266:26503:2741:2742:284111:284361:285175:285195:285641:2893:2894:2895:2897:2899:2904:29928:30819:30820:3177:340273:342372:343450:348938:357:368:3708:3709:3742:3746:375611:3763:376497:3767:3778:3780:3781:3784:3786:3787:387700:389015:41:479:492:5024:5025:5026:51305:51458:51761:5243:538:540:54102:54716:54733:54762:54795:54822:54831:55013:55102:55107:55117:55129:55151:55334:55503:55530:55754:55799:55831:56479:57088:57101:57419:57476:5825:58488:59341:6005:6006:6007:6261:6262:6263:63027:6323:6327:6339:63895:63982:6523:6530:6532:6540:6546:6557:6559:6568:6580:6584:728661:773:776:779:781:783:785:7881:79054:79400:8001:80036:80228:80333:83697:84068:84179:84561:84725:8501:85019:85413:85414:8671:8904:8911:89822:89874:9033:91252:9152:9154:9213:9254:9256:9312:9389:94097:9497:9619:9899:9992
GO:0140096	catalytic activity, acting on a protein	2192	352	290.07	2.7e-05	10000:10010:10026:10076:1018:1021:10283:10299:10404:10420:10536:10641:10699:10746:10783:11059:110599583:11060:11101:11122:11131:11214:11226:11227:11282:11285:11315:11320:11342:114783:114804:115209:115290:117854:130507:1368:1369:1373:139728:140691:140766:1432:144699:1455:1456:1457:151742:152110:153769:155185:158135:159195:1612:1636:169714:171019:1739:1803:1804:1846:1949:196483:1990:2028:2051:2066:2146:2158:2191:220972:222643:225689:2260:22848:22853:22933:23012:23014:23024:23030:23035:23043:23072:23077:23081:2321:23220:23287:23291:23295:23304:23321:23327:23549:23608:23624:238:2444:25:2534:257218:25809:25862:25865:2590:25989:26095:26261:26750:2678:27:27143:27299:27347:283358:283455:284076:285220:285498:286053:2868:2869:28996:2932:29800:2984:3083:3141:3249:3250:3276:331:339855:339967:340156:340481:341277:3416:3480:360200:3643:3720:375449:388228:388743:389840:401647:4052:4117:4145:4217:4233:4285:4297:4312:4326:442117:444:4534:4621:4638:4734:4750:4919:4920:50488:5058:5066:5071:51070:51114:51232:51257:51265:51304:51347:51377:51409:51451:51496:51514:5157:5159:51657:51666:51809:5218:5251:5371:54434:54858:54926:54941:55214:5530:55568:55617:55779:5578:55781:5579:5581:5583:5585:5590:5592:5613:5624:5641:56649:5686:56888:56950:57094:57118:57143:57159:57161:57172:57460:5747:57520:57531:5754:57695:5778:57820:5787:5789:5791:5793:5798:5800:5801:5803:5871:6098:613:6198:6259:63917:63929:640:64077:64131:64180:64285:64426:64699:64750:64754:64795:658:6650:673:6733:6788:7006:701:7047:7092:7093:7188:7204:726:7273:7326:7327:7403:7468:78986:78990:79695:79705:79709:79723:79739:79747:79823:79871:79875:79885:80070:80150:80216:80332:817:81792:81794:81844:824:8317:83473:83734:83943:84132:84133:84171:84236:84254:8428:84446:84461:84678:84708:84735:84867:84871:8491:8492:8493:84945:84954:84959:85015:85313:8532:85464:8556:8621:8728:8732:8751:8798:8829:8844:8904:89122:8925:8974:90025:9031:9064:90673:9099:91227:9201:92086:9252:9261:9318:93492:9448:9508:9520:9562:9647:9654:9718:9734:9781:993
GO:0030020	extracellular matrix structural constitu...	41	16	5.43	3.3e-05	1278:1284:1286:1288:1289:1294:1296:1301:1302:1305:1306:1310:255631:80781:85301:91522
GO:0016772	transferase activity, transferring phosp...	873	156	115.52	4.1e-05	10000:10020:1018:1021:10420:10641:10746:10783:11214:114783:132:136332:139728:1432:1455:1456:1457:152110:1606:1612:171568:1739:1791:1949:205:2051:2066:221264:225689:2260:22848:22853:23012:23043:23057:2321:23396:23556:238:2444:25:2534:25865:25885:259230:25989:26750:27:27010:2710:27347:27434:283455:285220:2868:2869:28996:2932:2984:29922:340156:3480:349565:3643:3707:375298:375449:388228:389840:4052:4117:4145:4217:4233:4638:4750:4919:4920:50488:5058:51232:51265:5130:51347:5157:5159:5208:5211:5218:5287:5288:5297:5305:54107:5435:55277:55500:55703:55718:55750:5578:55781:5579:5581:5583:5585:5590:5592:5613:57118:57143:57172:5747:5754:5871:60496:6098:613:6198:6259:640:64895:658:673:6733:6788:7006:701:7204:7273:80201:80216:817:8317:8382:8395:84254:8428:84446:8491:8493:8621:8732:8760:8798:8829:8844:9031:9060:9064:9162:9201:9252:9261:9414:9448
GO:0004115	3',5'-cyclic-AMP phosphodiesterase activ...	13	8	1.72	6.4e-05	27115:50940:5138:5139:5140:5142:5144:5150
GO:0008013	beta-catenin binding	86	25	11.38	8.6e-05	10076:10856:11122:116931:1495:1501:23189:23426:2737:29119:2932:324:357:367:4303:5071:51684:56998:6925:6932:6934:7414:83439:8650:999
GO:0022857	transmembrane transporter activity	1065	183	140.93	8.9e-05	10257:10396:10452:10479:10972:11280:11309:113278:1143:114789:116443:117247:1183:1188:123096:123591:1258:1261:127700:131096:140803:144195:145389:147798:148867:1497:150159:151473:152519:153201:154664:157855:168507:170712:1836:200959:222553:22987:23315:23413:23415:23457:24:245972:254428:2560:2567:259232:25932:26266:26503:2741:2742:284111:285175:285195:285641:2893:2894:2895:2897:2899:2904:29928:30819:30820:3177:340273:342372:343450:348938:357:368:3708:3709:3742:3746:375611:3763:376497:3767:3778:3780:3781:3784:3786:3787:387700:389015:41:479:492:5024:5025:5026:51305:51458:5243:538:540:54102:54716:54733:54795:54822:54831:55013:55107:55117:55129:55151:55334:55503:55530:55754:55799:56479:57101:57419:5825:59341:6005:6006:6007:6261:6262:6263:63027:6323:6327:6339:63895:63982:6523:6530:6532:6540:6546:6557:6559:6568:6580:6584:728661:773:776:779:781:783:785:7881:79054:79400:8001:80036:80228:80333:83697:84068:84179:84561:8501:85019:85413:85414:8671:8911:89822:89874:9033:91252:9152:9154:9213:9254:9256:9312:9389:94097:9497:9619:9899:9992
GO:0044325	ion channel binding	128	33	16.94	1.0e-04	10345:1739:22999:23171:23241:23327:2534:285966:287:288:3064:30819:3709:3767:3784:5142:5144:55607:55690:6262:6546:6769:7534:7881:81:817:846:87:88:9456:9472:9699:9992
GO:0005001	transmembrane receptor protein tyrosine ...	17	9	2.25	0.00011	10076:11122:5787:5789:5791:5793:5800:5801:5803
GO:0019198	transmembrane receptor protein phosphata...	17	9	2.25	0.00011	10076:11122:5787:5789:5791:5793:5800:5801:5803
GO:0005262	calcium channel activity	118	31	15.61	0.00011	116443:140803:168507:23413:2904:342372:3708:3709:5025:54795:54822:55503:55799:57419:59341:6261:6262:6263:773:776:779:781:783:785:79054:80036:80228:8911:9033:9254:9256
GO:0015081	sodium ion transmembrane transporter act...	145	36	19.19	0.00011	10479:11280:23315:254428:259232:26266:284111:285195:2897:2899:357:389015:41:479:54716:55117:57419:6323:6327:6339:6523:6530:6532:6540:6546:6557:6559:6568:6580:83697:8671:8911:9033:9152:9154:9497
GO:0019899	enzyme binding	2109	334	279.09	0.00014	10010:10019:100271849:10079:10131:10299:10361:10451:10497:10611:10718:10746:10783:108:10856:11043:11069:111:11122:11124:11127:11188:11214:11235:11315:11342:113828:115352:115704:116443:117854:119:1191:1278:135138:1432:143384:146691:147372:151050:152273:153090:153769:160518:161514:161742:163486:1636:1644:1739:1755:1759:1793:1794:1795:1803:1826:1846:1917:2059:2103:2191:219771:221002:221472:221692:22866:22898:22920:22924:22925:22932:22933:22999:23026:23077:23081:23085:23096:23101:23179:23236:23263:23331:23345:23370:23380:23413:23468:23624:245711:25:253260:2534:255426:257218:25836:25865:25913:25988:26052:26297:2643:26574:26747:2690:27147:2731:27347:27352:2737:282973:284058:2869:287:2888:2889:29:2915:2932:2959:29760:29984:3064:3141:324:3276:342527:345930:351:367:3675:3784:388333:3949:395:399:399694:401647:4038:405753:4086:4091:4137:4155:4205:4207:4208:4217:4233:4303:4520:462:463:4653:4660:4734:4745:4920:4976:5058:50649:5066:5071:5073:51196:51199:5140:5144:51555:5159:51652:51657:51666:51684:51735:51741:5208:5211:5243:5245:5295:53335:5371:5378:54808:54828:54869:54875:54941:55100:55103:5520:55294:5530:55607:55619:55626:55698:5577:55770:5578:5579:5581:5583:55841:5585:55857:5590:5611:56288:56950:57088:57221:5747:57521:57531:57533:57654:57695:57706:57731:5798:5801:58490:58528:5864:5866:5871:5900:5923:5924:59335:59341:6098:613:6198:6262:636:63898:64283:64426:64754:64805:6532:6654:6711:6720:673:6786:6929:6934:7068:7153:7155:7161:7188:7204:7273:7326:7402:7410:7414:7450:7515:7520:7534:79109:79368:79677:79871:79899:8013:80243:8178:81846:8202:824:83394:84295:84446:84458:846:84612:8493:84959:84978:85377:8546:8572:8607:8621:8631:8736:8844:8887:8925:894:90025:9043:9048:90673:9099:914:9172:9261:9400:9414:9459:9467:9472:958:9590:9639:9644:9649:9710:9712:9727:9732:9734:9781:9814:9828:9832:9844:9853:9863:987:990:9905:9910:9922:993
GO:0060090	molecular adaptor activity	261	56	34.54	0.00015	10019:10053:10345:10458:11037:11161:11214:1175:117854:1278:1296:1301:1302:1310:143098:151011:153090:171024:1739:2059:23363:23468:2620:26747:285590:287:288:2888:29760:3092:387755:4137:5295:5414:54875:55294:55691:55824:55841:57521:57731:636:64682:6602:79368:8470:8844:8906:9043:9228:9229:9414:9456:9472:9644:989
GO:0005201	extracellular matrix structural constitu...	169	40	22.36	0.00015	1278:1284:1286:1288:1289:1294:1296:1301:1302:1305:1306:1310:1404:169044:2006:2200:22795:22915:255631:26254:3490:3908:3909:3914:3918:4052:4060:4240:5553:56955:633:7148:7450:79812:79875:80144:80781:85301:89766:91522
GO:0022832	voltage-gated channel activity	199	45	26.33	0.00019	11280:116443:1183:1188:123591:131096:157855:23413:23415:259232:25932:2904:30819:30820:343450:3742:3746:3763:3767:3778:3784:3786:3787:51305:54102:55107:55799:56479:6261:6323:6327:773:776:779:781:783:785:7881:80333:8911:89822:9254:9256:9312:9992
GO:1904929	coreceptor activity involved in Wnt sign...	6	5	0.79	0.00022	10082:4919:4920:5754:6259
GO:0019900	kinase binding	745	132	98.59	0.00023	10019:10131:10611:10718:10746:10783:11124:11188:11214:11235:11315:11342:113828:115352:117854:119:1432:143384:146691:153090:161742:1636:1739:1759:1826:1846:1917:219771:22866:22924:23331:23413:23624:245711:25:253260:25865:2643:26574:2690:27347:282973:2869:287:2888:2915:2932:29760:29984:3064:324:3276:3784:388333:399:399694:4038:4086:4137:4205:4217:4653:4660:4745:4920:4976:5058:5066:5071:5073:51199:5140:5159:51684:5208:5211:5295:53335:54875:55607:5577:55770:5579:55841:5585:55857:5590:5611:5747:57521:57533:57695:5801:5871:59341:6262:636:6720:6929:6934:7153:7155:7161:7273:7402:7534:79109:8013:83394:84446:846:84612:8493:84978:8621:8631:8736:8844:8887:894:9043:9048:914:9172:9261:9414:9732:9734:9832:987:990:993
GO:0030507	spectrin binding	26	11	3.44	0.00024	10083:11127:119:157922:2035:2037:23271:287:288:57731:5798
GO:0051371	muscle alpha-actinin binding	15	8	1.98	0.00025	10611:171024:23022:7273:84665:8572:9033:9260
GO:0015085	calcium ion transmembrane transporter ac...	134	33	17.73	0.00025	116443:140803:168507:23413:2904:342372:3708:3709:492:5025:54795:54822:55503:55799:57419:59341:6261:6262:6263:6546:773:776:779:781:783:785:79054:80036:80228:8911:9033:9254:9256
GO:0016740	transferase activity	2254	352	298.27	0.00026	10000:10020:10090:1018:1021:10299:10314:10400:10420:10641:10746:10783:10841:11043:11059:110599583:11060:11101:11145:11214:11226:11227:11282:11285:11320:11342:114783:114804:115290:117854:119391:123745:129642:130507:132:135152:136332:137964:1384:139728:140691:1432:144233:144423:144699:145173:1455:1456:1457:150763:152002:152110:153769:154141:160428:1606:1612:171425:171568:1739:1788:1791:1949:196483:200205:201595:205:2051:2066:2131:2137:2146:220972:221264:2218:222537:225689:2260:22848:22853:22933:23012:23014:23024:23043:23057:23072:23077:2321:23220:23291:23295:23304:23321:23327:23396:23475:23556:23608:23624:238:2444:25:2534:257218:25865:25885:2590:259230:25989:26122:26261:2632:2673:26750:2678:27:27010:2710:27306:27347:27434:283358:283455:283464:285220:285498:285848:286053:2868:2869:28996:2932:2959:29800:2984:29922:3030:3033:3276:331:3340:340156:340481:340562:347516:3480:349565:3643:3707:375298:375449:387338:388228:389840:391365:3931:401647:4052:4117:4145:4166:4217:4233:4257:4297:4357:442117:4507:4548:4638:4734:4750:4839:4919:4920:5019:50488:5058:5071:51070:51114:51232:51257:51265:5130:51304:51347:51409:51451:51514:5157:5159:51666:51809:5208:5211:5218:5287:5288:5297:5305:5321:5371:54107:5435:5471:54926:54941:55277:55500:55568:55703:55718:55733:55750:55757:5578:55781:5579:55790:5581:5583:5585:5590:5592:56052:5613:56888:56950:56980:57118:57143:57159:57161:57172:57412:5747:57520:57531:5754:57820:586:5871:59335:60487:60496:6098:613:6185:6198:6259:63899:63917:63977:640:64131:64172:644974:64579:64711:64750:64754:64795:6483:64863:6487:64895:658:6611:673:6733:6788:7006:701:7047:7188:7204:7273:727936:7326:7327:7468:7799:79068:79071:79133:79147:79575:79612:79695:79709:79723:79783:79796:79823:79829:80168:80201:80216:8050:817:81844:81849:8202:8277:8317:83401:83734:8382:83857:8395:84133:84254:8428:84446:84461:84708:84750:8491:8493:85002:8605:8621:8732:8760:8798:8829:883:8844:8908:89122:8925:89792:90025:90161:9031:9060:9064:9162:91801:9201:9215:9252:9261:92979:9414:9448:952:96764:9718:9781
GO:0015079	potassium ion transmembrane transporter ...	152	36	20.11	0.00031	10479:131096:157855:23315:23415:285195:2897:2899:30819:30820:343450:3742:3746:3763:3767:3778:3780:3781:3784:3786:3787:389015:479:51305:55151:56479:57419:6557:6559:7881:80333:84561:89822:9033:9312:9992
GO:0071936	coreceptor activity involved in Wnt sign...	9	6	1.19	0.00031	10082:4919:4920:5754:6259:8434
GO:0005244	voltage-gated ion channel activity	198	44	26.2	0.00033	11280:116443:1183:1188:131096:157855:23413:23415:259232:25932:2904:30819:30820:343450:3742:3746:3763:3767:3778:3784:3786:3787:51305:54102:55107:55799:56479:6261:6323:6327:773:776:779:781:783:785:7881:80333:8911:89822:9254:9256:9312:9992
GO:0071889	14-3-3 protein binding	31	12	4.1	0.00035	153090:171024:221937:4750:55633:5581:5590:57458:57521:6733:84861:8844
GO:0051393	alpha-actinin binding	27	11	3.57	0.00036	10611:11122:171024:23022:3781:7273:776:84665:8572:9033:9260
GO:1901981	phosphatidylinositol phosphate binding	176	40	23.29	0.00037	114879:123745:150684:153090:163486:221472:23236:2596:27236:285180:285590:28966:3092:3784:4137:50853:5217:5321:55062:55102:55763:55915:56288:57231:57664:57706:59338:64411:6840:79109:79674:79856:84725:85477:88:91404:9644:9758:9765:9873
GO:0004714	transmembrane receptor protein tyrosine ...	64	19	8.47	0.00044	1949:2051:2066:2260:22853:2321:238:285220:3480:3643:4233:4919:4920:51232:5157:5159:6098:6259:8829
GO:0019901	protein kinase binding	659	117	87.21	0.00047	10019:10131:10611:10718:10746:10783:11124:11188:11235:11342:113828:115352:117854:119:1432:143384:146691:153090:161742:1636:1739:1759:1826:1846:1917:219771:22866:22924:23413:23624:245711:25:253260:25865:2643:26574:2690:27347:2869:287:2888:2915:2932:29760:29984:324:3276:3784:388333:399:399694:4038:4086:4137:4205:4217:4653:4660:4745:4920:5058:5066:5071:5073:5140:5159:51684:5208:5295:53335:54875:55607:5577:55770:5579:5585:55857:5590:5611:5747:57521:57533:57695:5801:5871:59341:6262:636:6720:6929:6934:7153:7155:7161:7273:7402:7534:79109:8013:83394:84446:846:84612:8493:84978:8621:8631:894:9043:9048:914:9261:9414:9732:9734:987:993
GO:0004713	protein tyrosine kinase activity	139	33	18.39	0.00052	10420:1949:2051:2066:2260:22853:2321:238:2444:25:2534:27:285220:28996:3480:3643:4145:4233:4750:4919:4920:51232:5157:5159:5747:6098:6259:640:7006:7273:8798:8829:9031
GO:0030506	ankyrin binding	20	9	2.65	0.00052	3767:51458:57731:6005:6546:6710:6711:776:999
GO:0051010	microtubule plus-end binding	20	9	2.65	0.00052	22924:23122:23291:23332:324:4926:667:6786:7461
GO:0003785	actin monomer binding	28	11	3.71	0.00052	22837:23242:25:27:51474:5217:5581:56203:57591:63876:9788
GO:0045505	dynein intermediate chain binding	28	11	3.71	0.00052	127602:144132:146754:1769:1770:196385:25981:3064:54919:55567:636
GO:0003774	motor activity	129	31	17.07	0.00060	11127:127602:144132:146754:1769:1770:196385:221458:22989:23026:23046:25981:283446:347240:3796:3797:4621:4629:4642:4643:547:55567:55582:55930:57519:57644:64147:64446:79784:84700:8735
GO:0030674	protein binding, bridging	152	35	20.11	0.00065	10019:10053:10345:10458:11037:11161:1175:117854:1278:1296:1301:1302:1310:171024:23363:23468:2620:26747:287:288:2888:29760:3092:387755:4137:5295:54875:55294:55691:57521:57731:636:8470:8906:9414
GO:0042578	phosphoric ester hydrolase activity	372	71	49.23	0.00085	10076:11122:1131:151742:1739:1846:1909:2203:221294:22876:23035:23236:257068:26095:27115:27143:2822:390928:4534:4621:50940:51196:5138:5139:5140:5142:5144:51496:5150:51657:5169:5208:5332:5334:5336:5337:54434:54928:5530:56953:57460:5778:5787:5789:5791:5793:5798:5800:5801:5803:58497:64077:78986:79705:79871:81544:846:84867:8493:84959:85464:8556:8732:8821:8871:90673:93492:9562:9647:9663:993
GO:0004674	protein serine/threonine kinase activity	391	74	51.74	0.00085	10000:1018:1021:10420:10746:10783:11214:139728:1432:1455:1456:1457:152110:1612:225689:22848:22853:23012:23043:25865:25989:26750:27347:2868:2869:28996:2932:340156:375449:388228:389840:4052:4117:4217:4638:50488:5058:51265:51347:5218:5578:5579:5581:5583:5585:5590:5592:5613:57118:57143:57172:5871:613:6198:658:673:6733:6788:7204:7273:80216:817:8317:84254:8428:84446:8491:8493:8621:8798:9064:9252:9261:9448
GO:0015077	monovalent inorganic cation transmembran...	367	70	48.57	0.00093	10479:11280:1183:131096:150159:153201:157855:170712:23315:23415:245972:254428:259232:26266:26503:284111:285195:285641:2897:2899:30819:30820:343450:357:3742:3746:3763:3767:3778:3780:3781:3784:3786:3787:389015:41:479:51305:54716:55117:55151:56479:57419:6323:6327:6339:6523:6530:6532:6540:6546:6557:6559:6568:6580:7881:79400:80333:83697:84561:85414:8671:8911:89822:9033:9152:9154:9312:9497:9992
GO:0015276	ligand-gated ion channel activity	138	32	18.26	0.00095	1143:116443:1258:1261:200959:2560:2567:2741:2742:2893:2894:2895:2897:2899:2904:357:3708:3709:3763:3767:41:5024:5025:5026:54795:6261:6262:6263:6339:79054:8001:9992
GO:0022834	ligand-gated channel activity	138	32	18.26	0.00095	1143:116443:1258:1261:200959:2560:2567:2741:2742:2893:2894:2895:2897:2899:2904:357:3708:3709:3763:3767:41:5024:5025:5026:54795:6261:6262:6263:6339:79054:8001:9992
